Neighborhood Name,Neighborhood Latitude,Neighborhood Longitude,Venue,Venue Latitude,Venue Longitude,Venue Category
Ajuda,38.7075,-9.198333,Palácio Nacional da Ajuda,38.707653,-9.197758,Historic Site
Ajuda,38.7075,-9.198333,Restaurante Andorinhas,38.70491145873602,-9.19934888586842,Restaurant
Ajuda,38.7075,-9.198333,Páteo Alfacinha,38.70653745320649,-9.194201517392289,Restaurant
Ajuda,38.7075,-9.198333,Jardim Botânico da Ajuda,38.706429793426395,-9.201222207691192,Botanical Garden
Ajuda,38.7075,-9.198333,Churrasqueira do Marquês,38.70399631558285,-9.199402378140045,BBQ Joint
Ajuda,38.7075,-9.198333,Estufa Real,38.70683960217436,-9.201974849348982,Restaurant
Ajuda,38.7075,-9.198333,Carruço - Artista Plástico,38.71015466226625,-9.200749397277832,Art Gallery
Ajuda,38.7075,-9.198333,Outra Opção (antiga Panibel),38.7041902360868,-9.199464386029884,Bakery
Ajuda,38.7075,-9.198333,Barata,38.70372447425215,-9.1953431208965,Grocery Store
Alcantara,38.706389,-9.174167,Alcântara 50,38.705462454591405,-9.173533171878635,Portuguese Restaurant
Alcantara,38.706389,-9.174167,Grelhados de Alcântara,38.70512974737624,-9.172244898930126,BBQ Joint
Alcantara,38.706389,-9.174167,Largo das Necessidades,38.70758354356667,-9.171750774065254,Plaza
Alcantara,38.706389,-9.174167,O Palácio,38.70635728105693,-9.173442222231154,Seafood Restaurant
Alcantara,38.706389,-9.174167,Paradise Garage,38.70540277219041,-9.17403571062531,Concert Hall
Alcantara,38.706389,-9.174167,Quimera Brewpub,38.70546210234665,-9.17098093330304,Beer Bar
Alcantara,38.706389,-9.174167,Ozeki,38.705741727624314,-9.17347474536485,Sushi Restaurant
Alcantara,38.706389,-9.174167,Copenhagen Coffee Lab,38.705357,-9.171112,Coffee Shop
Alcantara,38.706389,-9.174167,A Tapadinha,38.706575526115145,-9.17872960772976,Eastern European Restaurant
Alcantara,38.706389,-9.174167,Divinos Prazeres,38.70464887459906,-9.174612881287253,Pizza Place
Alcantara,38.706389,-9.174167,Tapada das Necessidades,38.70871051593267,-9.170463173003185,Park
Alcantara,38.706389,-9.174167,Toscana,38.70476877496275,-9.169375504996157,Portuguese Restaurant
Alcantara,38.706389,-9.174167,O Maravilhas,38.70488294537882,-9.173550522353365,Portuguese Restaurant
Alcantara,38.706389,-9.174167,Museu do Oriente,38.702848908189125,-9.170761176619253,Museum
Alcantara,38.706389,-9.174167,Alcântara Café,38.70359880006869,-9.176502651958879,Nightclub
Alcantara,38.706389,-9.174167,Lidl,38.70504550109264,-9.179042758951855,Supermarket
Alcantara,38.706389,-9.174167,O Mercado,38.70500456972445,-9.178732084421283,Mediterranean Restaurant
Alcantara,38.706389,-9.174167,Puro Acaso,38.70467455749925,-9.17754619584153,Restaurant
Alcantara,38.706389,-9.174167,Painel de Alcântara,38.70494984957675,-9.172160759989637,Portuguese Restaurant
Alcantara,38.706389,-9.174167,Restaurante 31 da Armada,38.70520483584909,-9.170412252046368,Mediterranean Restaurant
Alcantara,38.706389,-9.174167,Largo do Calvário,38.70481975691167,-9.177435628738174,Plaza
Alvalade,38.746944,-9.136111,Dom Feijão,38.74711791847183,-9.139536565949937,Portuguese Restaurant
Alvalade,38.746944,-9.136111,Harley-Davidson,38.744597861217926,-9.134057988767099,Motorcycle Shop
Alvalade,38.746944,-9.136111,Teatro Municipal Maria Matos,38.74577358669034,-9.13874453800186,Theater
Alvalade,38.746944,-9.136111,FIB - il vero gelato italiano (geladosfib),38.74424989025015,-9.134209787740007,Ice Cream Shop
Alvalade,38.746944,-9.136111,Restaurante O Mattos,38.74586468426611,-9.138629373114322,Portuguese Restaurant
Alvalade,38.746944,-9.136111,Complexo Desportivo Supera Areeiro,38.74489482196382,-9.138953498025113,Gym / Fitness Center
Alvalade,38.746944,-9.136111,Casa do Gelado,38.74487214717318,-9.139544722525967,Ice Cream Shop
Alvalade,38.746944,-9.136111,Lutécia Hotel,38.74579418904793,-9.138996704354472,Hotel
Alvalade,38.746944,-9.136111,Confeitaria LX,38.74723703884455,-9.140787170423318,Coffee Shop
Alvalade,38.746944,-9.136111,Frutalmeidas,38.746755029151224,-9.14073600396844,Snack Place
Alvalade,38.746944,-9.136111,Jardim Fernando Pessa,38.74306887661078,-9.137231249912542,Garden
Alvalade,38.746944,-9.136111,Lucca,38.745894812066716,-9.141330349703415,Pizza Place
Alvalade,38.746944,-9.136111,Sala Thai,38.747651,-9.140187,Thai Restaurant
Alvalade,38.746944,-9.136111,Restaurante Fraga,38.747618612302155,-9.132411863632257,Portuguese Restaurant
Alvalade,38.746944,-9.136111,Livraria Barata,38.7430593852649,-9.138633352168908,Bookstore
Alvalade,38.746944,-9.136111,Despensa N.6,38.74475053649052,-9.14021190305191,Bakery
Alvalade,38.746944,-9.136111,1001 Nights Iranian Restaurant,38.745068,-9.140761,Persian Restaurant
Alvalade,38.746944,-9.136111,Churrasqueira XXI,38.742506,-9.135459,BBQ Joint
Alvalade,38.746944,-9.136111,Hotel Roma,38.74562044536929,-9.14029554431147,Hotel
Alvalade,38.746944,-9.136111,Marisqueira Roma,38.744963213796616,-9.139585545491382,Seafood Restaurant
Alvalade,38.746944,-9.136111,Magic Pool Bar,38.7442125905278,-9.14067058398982,Bar
Alvalade,38.746944,-9.136111,iClinica,38.743659607991496,-9.13594779337791,Electronics Store
Alvalade,38.746944,-9.136111,Fisiogaspar,38.74887874096399,-9.131640625400143,Medical Center
Alvalade,38.746944,-9.136111,Loja NOS,38.74392568186061,-9.139397084135158,Electronics Store
Alvalade,38.746944,-9.136111,Fome de Leão,38.74353801081973,-9.133965511643703,BBQ Joint
Alvalade,38.746944,-9.136111,Pastelaria Madrid,38.743600608439095,-9.135562599862668,Café
Alvalade,38.746944,-9.136111,Pokhara,38.74661263445253,-9.132393276775964,Indian Restaurant
Alvalade,38.746944,-9.136111,Dona Maria,38.74636765042745,-9.132444282966445,Portuguese Restaurant
Alvalade,38.746944,-9.136111,Bertrand,38.743329902595434,-9.138721484986583,Bookstore
Alvalade,38.746944,-9.136111,Confraria do Café,38.74327919180254,-9.139130246112165,Café
Alvalade,38.746944,-9.136111,Praça do Areeiro,38.74395876113913,-9.139165878295898,Plaza
Alvalade,38.746944,-9.136111,Fórum Lisboa,38.74348688946045,-9.138568630991749,Performing Arts Venue
Alvalade,38.746944,-9.136111,Panificadora do Areeiro,38.748709,-9.132707,Bakery
Alvalade,38.746944,-9.136111,Tabacaria Brilhante,38.74832030069106,-9.13229261186393,Smoke Shop
Alvalade,38.746944,-9.136111,Eua Caffe,38.74883768662498,-9.13220351041638,Café
Alvalade,38.746944,-9.136111,Circulo De Letras,38.743864303828744,-9.13980239822078,Bookstore
Areeiro,38.740278,-9.128056,Zé do Cozido,38.738402,-9.128832,Portuguese Restaurant
Areeiro,38.740278,-9.128056,Journey By Day,38.73867001407527,-9.127342700958252,Electronics Store
Areeiro,38.740278,-9.128056,Tasca do Miguel,38.739569979959896,-9.130768917955944,Portuguese Restaurant
Areeiro,38.740278,-9.128056,Tou Aqui Tou Aí,38.73836932304525,-9.12731092088415,Electronics Store
Areeiro,38.740278,-9.128056,Pepe & Oliva,38.737670398440635,-9.127349677976229,Italian Restaurant
Areeiro,38.740278,-9.128056,Fonte Luminosa,38.737297553678296,-9.130260944366455,Fountain
Areeiro,38.740278,-9.128056,GlobalData,38.7418381232586,-9.129294959058695,Electronics Store
Areeiro,38.740278,-9.128056,The Wine Company,38.740134500655415,-9.128922522068024,Wine Shop
Areeiro,38.740278,-9.128056,Domino's Pizza,38.741721751405024,-9.13080402479915,Pizza Place
Areeiro,38.740278,-9.128056,Os Mimos do Churrasco,38.73956600585811,-9.125503097962078,Restaurant
Areeiro,38.740278,-9.128056,Trigo Doce,38.7395439,-9.132054,Bakery
Areeiro,38.740278,-9.128056,Pavilhão Casal Vistoso,38.74321123517902,-9.128567018429795,Stadium
Areeiro,38.740278,-9.128056,Restaurante Espadachim,38.73965847407967,-9.133306329571731,Asian Restaurant
Areeiro,38.740278,-9.128056,Expressoflor,38.73754826021278,-9.13154161389765,Coffee Shop
Areeiro,38.740278,-9.128056,Hotel DAH,38.73719468212485,-9.12826482881447,Hotel
Areeiro,38.740278,-9.128056,Club Olaias,38.74195589535329,-9.12317956817953,Gym / Fitness Center
Areeiro,38.740278,-9.128056,Olaias Park Hotel,38.739514337702616,-9.124082585894811,Hotel
Areeiro,38.740278,-9.128056,Centro de Ténis das Olaias,38.74154304836772,-9.122763501375744,Tennis Court
Areeiro,38.740278,-9.128056,Fei He,38.74036764094404,-9.12387333553908,Chinese Restaurant
Areeiro,38.740278,-9.128056,Altis Park Hotel,38.739573076105835,-9.124026327715322,Hotel
Areeiro,38.740278,-9.128056,Charlot,38.73986740771748,-9.124052474250957,Café
Areeiro,38.740278,-9.128056,Olaias Plaza,38.74001484570196,-9.124120522681183,Shopping Mall
Areeiro,38.740278,-9.128056,Clube de Rugby do Técnico,38.74019159033336,-9.123411918116842,Sports Club
Areeiro,38.740278,-9.128056,Liz Garden,38.74190021311252,-9.12341594696045,Flower Shop
Arroios,38.728889,-9.138889,Hare Krishna,38.73036615954922,-9.140637841598366,Vegetarian / Vegan Restaurant
Arroios,38.728889,-9.138889,Restaurante O Raposo,38.72854587902703,-9.13689425520043,Restaurant
Arroios,38.728889,-9.138889,Vasku's Grill,38.72811859052203,-9.136848941319027,Steakhouse
Arroios,38.728889,-9.138889,Pastelaria Açoreana,38.72756095303935,-9.142108578656558,Bakery
Arroios,38.728889,-9.138889,Restaurante Viva Lisboa,38.729406586392734,-9.140453769285548,Portuguese Restaurant
Arroios,38.728889,-9.138889,Aromas e Temperos,38.73200588115668,-9.137944597717386,Brazilian Restaurant
Arroios,38.728889,-9.138889,Horta dos Brunos,38.732079705651394,-9.139160724162508,Portuguese Restaurant
Arroios,38.728889,-9.138889,A Padaria Portuguesa,38.73129481674355,-9.136410122342193,Bakery
Arroios,38.728889,-9.138889,Go Natural Supermercado,38.72767545413687,-9.141344471761863,Organic Grocery
Arroios,38.728889,-9.138889,Restaurante Zaafran,38.7317260838757,-9.141044762162004,Indian Restaurant
Arroios,38.728889,-9.138889,Delícia de Arroios,38.73062003250788,-9.136179948803711,Portuguese Restaurant
Arroios,38.728889,-9.138889,Polpetta,38.72794013559727,-9.1357400651903,Italian Restaurant
Arroios,38.728889,-9.138889,Fitness Hut // Almirante Reis,38.72592615508303,-9.135490857541981,Gym / Fitness Center
Arroios,38.728889,-9.138889,Deja Vu,38.72993029933572,-9.140884791762282,Lounge
Arroios,38.728889,-9.138889,Churrasqueira do Zubir,38.72811994027808,-9.134117763043033,BBQ Joint
Arroios,38.728889,-9.138889,Be Lisbon,38.731623678317064,-9.140027323011626,Hotel
Arroios,38.728889,-9.138889,Vila Garden Guest House,38.730409,-9.134692,Hotel
Arroios,38.728889,-9.138889,Leo Restaurante,38.72731503990571,-9.133915454149246,Indian Restaurant
Arroios,38.728889,-9.138889,Espiral,38.732179157821214,-9.140671192878482,Vegetarian / Vegan Restaurant
Arroios,38.728889,-9.138889,Jardim Constantino,38.731012,-9.137064,Garden
Arroios,38.728889,-9.138889,Grande Palácio Hong-Kong,38.73123303449708,-9.134153317048295,Chinese Restaurant
Arroios,38.728889,-9.138889,Sabores de Gôa,38.72725163160652,-9.13387753535548,Indian Restaurant
Arroios,38.728889,-9.138889,Pomar Fresco,38.72841474765345,-9.134727637271471,Fruit & Vegetable Store
Arroios,38.728889,-9.138889,Anjos70,38.72535446174374,-9.135667669381613,Cultural Center
Arroios,38.728889,-9.138889,Pastelaria Monte Rei,38.73129160713948,-9.135208839966783,Café
Arroios,38.728889,-9.138889,Hotel Travel Park,38.727165866030525,-9.134800454286937,Hotel
Arroios,38.728889,-9.138889,Quiosque do Coreto,38.730082635740814,-9.144091947543382,Café
Arroios,38.728889,-9.138889,Deliart Caffé,38.72893131413648,-9.144101618750554,Mediterranean Restaurant
Arroios,38.728889,-9.138889,Hotel Ibis Lisboa Saldanha,38.73189820992718,-9.142506067906801,Hotel
Arroios,38.728889,-9.138889,Ambiente hostel,38.72914593446186,-9.134458601474762,Hostel
Arroios,38.728889,-9.138889,Health & Fun,38.731205874215114,-9.134011789006417,Gym
Arroios,38.728889,-9.138889,Restaurante Ideal lisboa,38.72963037558645,-9.134220939249495,Portuguese Restaurant
Arroios,38.728889,-9.138889,O Paradouro Residencial,38.73123586096964,-9.134075004514862,Hostel
Arroios,38.728889,-9.138889,Sereia Do Mar,38.7313242823099,-9.134454047111008,Seafood Restaurant
Arroios,38.728889,-9.138889,Espaço FA,38.726607364351764,-9.134322318812709,Coffee Shop
Avenidas Novas,38.738889,-9.145833,Nómada,38.738059676803914,-9.147615283716467,Sushi Restaurant
Avenidas Novas,38.738889,-9.145833,Jupiter Lisboa Hotel,38.739596039183716,-9.146190344442255,Hotel
Avenidas Novas,38.738889,-9.145833,Fogo de Chão,38.73972961667416,-9.14320953522899,Brazilian Restaurant
Avenidas Novas,38.738889,-9.145833,Fitness Hut,38.73920704101543,-9.14710274021049,Gym / Fitness Center
Avenidas Novas,38.738889,-9.145833,Bellezza D'Itália,38.738405690224944,-9.145972132270964,Italian Restaurant
Avenidas Novas,38.738889,-9.145833,Choupana Caffe,38.736408,-9.14586,Café
Avenidas Novas,38.738889,-9.145833,Culturgest,38.74082785428755,-9.142939247885622,Art Gallery
Avenidas Novas,38.738889,-9.145833,Óh Pereira,38.740023955559835,-9.142636249355892,Brewery
Avenidas Novas,38.738889,-9.145833,Lateral Bistro,38.739854,-9.148798,Restaurant
Avenidas Novas,38.738889,-9.145833,Gula's For Kitchen Lovers,38.73726294504144,-9.141969805101285,Restaurant
Avenidas Novas,38.738889,-9.145833,Club Life To Go,38.738901,-9.147616,Health Food Store
Avenidas Novas,38.738889,-9.145833,Celeiro,38.74205447807004,-9.147144510878986,Health Food Store
Avenidas Novas,38.738889,-9.145833,Pastelaria Versailles,38.73544385341053,-9.145506620407104,Bakery
Avenidas Novas,38.738889,-9.145833,Holmes Place Defensores de Chaves,38.73690604385417,-9.143956245423022,Gym / Fitness Center
Avenidas Novas,38.738889,-9.145833,Espaço Nimas,38.7357063583276,-9.14741138965307,Indie Movie Theater
Avenidas Novas,38.738889,-9.145833,Paladar Zen,38.73992953507005,-9.149037476118016,Vegetarian / Vegan Restaurant
Avenidas Novas,38.738889,-9.145833,Rabo d'Pêxe,38.73542266737048,-9.146593482570001,Japanese Restaurant
Avenidas Novas,38.738889,-9.145833,Arigato Sushi Arena,38.742147,-9.145163,Sushi Restaurant
Avenidas Novas,38.738889,-9.145833,The Green Affair,38.735127,-9.144614,Vegetarian / Vegan Restaurant
Avenidas Novas,38.738889,-9.145833,Joker Lounge,38.737291,-9.149478,Bar
Avenidas Novas,38.738889,-9.145833,DOTE - Cervejaria Moderna - Campo Pequeno,38.738777860749494,-9.146148871087599,Portuguese Restaurant
Avenidas Novas,38.738889,-9.145833,Prazeres da Picanha,38.74053311641571,-9.14504645105637,Brazilian Restaurant
Avenidas Novas,38.738889,-9.145833,Italian Republic,38.735076,-9.146171,Italian Restaurant
Avenidas Novas,38.738889,-9.145833,La Fabrica,38.73689893415348,-9.141958863748771,Ice Cream Shop
Avenidas Novas,38.738889,-9.145833,People and Food,38.74252800015562,-9.144071270326092,Portuguese Restaurant
Avenidas Novas,38.738889,-9.145833,Casa Nepalesa,38.73851469472933,-9.151448908982816,Indian Restaurant
Avenidas Novas,38.738889,-9.145833,Campo Pequeno,38.74255292988757,-9.145281314849854,Plaza
Avenidas Novas,38.738889,-9.145833,La Finestra,38.73693222302314,-9.150353837666525,Pizza Place
Avenidas Novas,38.738889,-9.145833,iLoja,38.73843828179224,-9.14489345138502,Mobile Phone Shop
Avenidas Novas,38.738889,-9.145833,Dieci,38.74218658068,-9.14481086204906,Pizza Place
Avenidas Novas,38.738889,-9.145833,A Padaria Portuguesa,38.73522119467544,-9.144107597515061,Bakery
Avenidas Novas,38.738889,-9.145833,Mesa do Bairro,38.74015563798931,-9.14159984798282,Portuguese Restaurant
Avenidas Novas,38.738889,-9.145833,Bella Lisa,38.73759066365936,-9.150015316818966,Italian Restaurant
Avenidas Novas,38.738889,-9.145833,Italy,38.735186517348836,-9.144159265858736,Italian Restaurant
Avenidas Novas,38.738889,-9.145833,Go Natural Supermercado,38.73728,-9.147965,Organic Grocery
Avenidas Novas,38.738889,-9.145833,L'Éclair,38.735120887957514,-9.146676496268903,Coffee Shop
Avenidas Novas,38.738889,-9.145833,Rubro,38.74213452238488,-9.145774841308594,Portuguese Restaurant
Avenidas Novas,38.738889,-9.145833,Hotel White Lisboa,38.7350217661728,-9.145393890048046,Hotel
Avenidas Novas,38.738889,-9.145833,Jardim da Casa da Moeda,38.73771598952087,-9.14311408996582,Garden
Avenidas Novas,38.738889,-9.145833,Go Natural,38.742564528546076,-9.145335749727503,Vegetarian / Vegan Restaurant
Avenidas Novas,38.738889,-9.145833,Bertrand,38.742868751435026,-9.145700107321378,Bookstore
Avenidas Novas,38.738889,-9.145833,Jardim do Arco do Cego,38.73590832910081,-9.142255783081055,Garden
Avenidas Novas,38.738889,-9.145833,Colina,38.73487806317767,-9.147892667723545,Restaurant
Avenidas Novas,38.738889,-9.145833,Galeto,38.73567194481781,-9.145226403224205,Portuguese Restaurant
Avenidas Novas,38.738889,-9.145833,Cesar Castro Lda,38.73469901221441,-9.14710521697998,Kitchen Supply Store
Avenidas Novas,38.738889,-9.145833,Udon,38.735059,-9.147126,Noodle House
Avenidas Novas,38.738889,-9.145833,Lisbon Nest House,38.735526007278246,-9.145192844633774,Hostel
Avenidas Novas,38.738889,-9.145833,O Moisés,38.73515611283931,-9.145689230793165,Restaurant
Avenidas Novas,38.738889,-9.145833,Cinema City Campo Pequeno,38.742301885680156,-9.14457321166992,Movie Theater
Avenidas Novas,38.738889,-9.145833,SANA Executive Hotel,38.7368947839009,-9.150465320787317,Hotel
Avenidas Novas,38.738889,-9.145833,Chalet D'àvila,38.735075161377864,-9.143348571779997,Bed & Breakfast
Avenidas Novas,38.738889,-9.145833,Eccellenza,38.73814605109379,-9.144472111185383,Italian Restaurant
Avenidas Novas,38.738889,-9.145833,Namur,38.74059175040516,-9.144688752943505,Café
Avenidas Novas,38.738889,-9.145833,Lidl,38.73783185333884,-9.150396945104745,Supermarket
Avenidas Novas,38.738889,-9.145833,Marrakech,38.73680633657351,-9.150563391997139,Middle Eastern Restaurant
Avenidas Novas,38.738889,-9.145833,Hotel 3K Barcelona,38.74103086636907,-9.150198701464936,Hotel
Avenidas Novas,38.738889,-9.145833,Hotel Alif Campo Pequeno,38.741980547224294,-9.143442496375858,Hotel
Avenidas Novas,38.738889,-9.145833,Ouriço,38.738874113044716,-9.14432046096243,Portuguese Restaurant
Avenidas Novas,38.738889,-9.145833,Praça de Touros do Campo Pequeno,38.742603138623146,-9.145431518554688,General Entertainment
Avenidas Novas,38.738889,-9.145833,Iogurteria do Bairro,38.742761910501514,-9.145520371936835,Frozen Yogurt Shop
Avenidas Novas,38.738889,-9.145833,Bingo do Clube de Futebol «Os Belenenses»,38.73623085860004,-9.144495167642566,Casino
Avenidas Novas,38.738889,-9.145833,City Bar,38.74233357578208,-9.14473224066483,Karaoke Bar
Avenidas Novas,38.738889,-9.145833,Sem Dúvida,38.739810777612185,-9.142872126695286,Portuguese Restaurant
Avenidas Novas,38.738889,-9.145833,Taberna Manuel Pereira Gomes,38.740002346304955,-9.142607461970298,Beer Garden
Avenidas Novas,38.738889,-9.145833,Fábrica dos Sabores,38.73744201964529,-9.143922475648607,Bakery
Avenidas Novas,38.738889,-9.145833,Holiday Inn,38.738224385770806,-9.141402840614319,Hotel
Avenidas Novas,38.738889,-9.145833,:slow (slow),38.74254748470667,-9.145207009045835,Steakhouse
Avenidas Novas,38.738889,-9.145833,Flor das Avenidas,38.738545038456046,-9.144122074409184,Café
Avenidas Novas,38.738889,-9.145833,Lego Fan Event,38.7424721327642,-9.145234208258914,Theme Park
Avenidas Novas,38.738889,-9.145833,Gomo,38.73516490955735,-9.144611315055784,Restaurant
Avenidas Novas,38.738889,-9.145833,McDonald's,38.73541472348846,-9.145255436248506,Fast Food Restaurant
Avenidas Novas,38.738889,-9.145833,Apple House,38.73961873420818,-9.144154166448804,Burger Joint
Avenidas Novas,38.738889,-9.145833,Queenmama's,38.742435776033936,-9.145603179931639,Pizza Place
Avenidas Novas,38.738889,-9.145833,Pastelaria Sequeira,38.735151680858934,-9.145478243062902,Bakery
Avenidas Novas,38.738889,-9.145833,Baia do Peixe - Campo Pequeno,38.74245010408366,-9.144648982706922,Seafood Restaurant
Avenidas Novas,38.738889,-9.145833,Centro Comercial do Campo Pequeno,38.7425816073297,-9.145202511375423,Shopping Mall
Avenidas Novas,38.738889,-9.145833,Burger King,38.74258787267955,-9.145291697564836,Fast Food Restaurant
Avenidas Novas,38.738889,-9.145833,Portugália - Balcão,38.74257933739549,-9.145278782638119,Brewery
Avenidas Novas,38.738889,-9.145833,Imprensa Nacional Casa da Moeda,38.73662805123106,-9.141826629638672,Bookstore
Avenidas Novas,38.738889,-9.145833,Loja NOS,38.73517138599149,-9.1449950662766,Electronics Store
Avenidas Novas,38.738889,-9.145833,H3 Hambúrguer Gourmet,38.742563941281624,-9.145368574622799,Burger Joint
Avenidas Novas,38.738889,-9.145833,Empadaria do Chef,38.74256449916515,-9.145302416699739,Pie Shop
Avenidas Novas,38.738889,-9.145833,Sushi Kiyomi,38.73550018714589,-9.145256754720185,Asian Restaurant
Avenidas Novas,38.738889,-9.145833,Pingo Doce,38.742897434548816,-9.145447327567702,Supermarket
Beato,38.734722,-9.105833,Convento do Beato,38.735011504136125,-9.106280326346592,Historic Site
Beato,38.734722,-9.105833,A Casa do Bacalhau,38.73216105397664,-9.10643219947815,Restaurant
Beato,38.734722,-9.105833,Dois Corvos Cervejeira,38.738059465941674,-9.105670284650401,Brewery
Beato,38.734722,-9.105833,Entra,38.737465803898864,-9.103597849799877,Restaurant
Beato,38.734722,-9.105833,Adega Tia Rosa,38.73329304871131,-9.105874204292252,Restaurant
Beato,38.734722,-9.105833,Dinastia Tang,38.737977667501575,-9.103269095717577,Cantonese Restaurant
Beato,38.734722,-9.105833,Restaurante D'Avis,38.73059480996245,-9.107754125595052,Restaurant
Beato,38.734722,-9.105833,Beatus,38.73785791863435,-9.103178394406966,Tapas Restaurant
Belem,38.7,-9.2,Enoteca de Belém,38.697618174301866,-9.202581841502083,Portuguese Restaurant
Belem,38.7,-9.2,Rui dos Pregos,38.69742230003602,-9.198946837293642,Portuguese Restaurant
Belem,38.7,-9.2,Santini,38.697426820138794,-9.198918851521134,Ice Cream Shop
Belem,38.7,-9.2,Fábrica dos Pastéis de Belém,38.69738144558947,-9.203372943526903,Bakery
Belem,38.7,-9.2,Museu Nacional dos Coches,38.69666413220113,-9.198710918426512,History Museum
Belem,38.7,-9.2,Jardim Afonso de Albuquerque,38.696499411027986,-9.200010658802986,Garden
Belem,38.7,-9.2,O Prado,38.69746900611668,-9.198470815770944,Portuguese Restaurant
Belem,38.7,-9.2,Palácio de Belém - Presidência da República de Portugal,38.69723323588559,-9.201416922606677,Capitol Building
Belem,38.7,-9.2,Starbucks Belem,38.697414191359044,-9.203681548375245,Coffee Shop
Belem,38.7,-9.2,Jardim Vasco da Gama,38.696331017116606,-9.202755534122616,Garden
Belem,38.7,-9.2,Pão Pão Queijo Queijo,38.697489234525236,-9.203880617035404,Sandwich Place
Belem,38.7,-9.2,Queijadas de Belém,38.69711611972407,-9.201652863731155,Portuguese Restaurant
Belem,38.7,-9.2,Belém 2 a 8,38.697269330581356,-9.201915046922801,Portuguese Restaurant
Belem,38.7,-9.2,Eléctrico BananaCafe,38.69782037954878,-9.204404222246524,Juice Bar
Belem,38.7,-9.2,Jardim Botânico Tropical,38.69842701128853,-9.20290975260973,Garden
Belem,38.7,-9.2,O Grande Mundo,38.69808044703053,-9.199351637149375,Chinese Restaurant
Belem,38.7,-9.2,Antiga Confeitaria,38.69759023216971,-9.203008802879985,Bakery
Belem,38.7,-9.2,Churrasqueira do Marquês,38.70399631558285,-9.199402378140045,BBQ Joint
Belem,38.7,-9.2,Adega de Belém,38.69725507422109,-9.202538959266919,Portuguese Restaurant
Belem,38.7,-9.2,Honorato Hamburgueres Artesanais,38.69745889950893,-9.203761270005383,Burger Joint
Belem,38.7,-9.2,A Padaria Portuguesa,38.69732679631216,-9.202661488506362,Bakery
Belem,38.7,-9.2,Pastelaria Versailles,38.69749436807076,-9.199163968374274,Breakfast Spot
Belem,38.7,-9.2,Restaurante Os Jerónimos,38.69736902614917,-9.203218076823887,Portuguese Restaurant
Belem,38.7,-9.2,Restaurante O Caniço,38.69689200018203,-9.202327457735407,BBQ Joint
Belem,38.7,-9.2,Igreja da Memória,38.70292073470184,-9.20235264252222,Church
Belem,38.7,-9.2,BananaCafe,38.69781977118564,-9.204366714556437,Bar
Belem,38.7,-9.2,Jeronymo,38.69731631236926,-9.202445371166075,Café
Belem,38.7,-9.2,Comptoir Parisien,38.696884482275316,-9.202668912187937,French Restaurant
Belem,38.7,-9.2,Pastéis de Cerveja,38.697231139931404,-9.20196113528588,Café
Belem,38.7,-9.2,Restaurante BemBelém,38.696876836134834,-9.202986626025835,Portuguese Restaurant
Belem,38.7,-9.2,Carvoeiro,38.69684076504668,-9.202882423685258,Seafood Restaurant
Belem,38.7,-9.2,Caseiro,38.69722871858408,-9.202201984609996,Portuguese Restaurant
Belem,38.7,-9.2,Museu da Presidência da República,38.697457595283865,-9.201320230828344,History Museum
Belem,38.7,-9.2,Samurai,38.69745020513979,-9.198939398625981,Japanese Restaurant
Belem,38.7,-9.2,Floresta De Belem,38.69692176822155,-9.20179390112822,Mediterranean Restaurant
Belem,38.7,-9.2,Estação Ferroviária de Belém,38.69617345427707,-9.198176523459004,Train Station
Belem,38.7,-9.2,Mr. Wrap,38.69762610441823,-9.204447910374542,Restaurant
Belem,38.7,-9.2,People Hostel,38.699264709873326,-9.20546317613327,Hostel
Belem,38.7,-9.2,Restaurante Sagitário,38.697368,-9.202054,Portuguese Restaurant
Belem,38.7,-9.2,Cais de Belém,38.69685153361381,-9.20281707124262,Restaurant
Belem,38.7,-9.2,McDonald's,38.696987904378155,-9.20334721609717,Fast Food Restaurant
Belem,38.7,-9.2,Square Thai,38.697474,-9.198256,Thai Restaurant
Belem,38.7,-9.2,Pensão Residencial Setubalense,38.69755714500329,-9.202314780811554,Bed & Breakfast
Belem,38.7,-9.2,Telepizza,38.69730051540361,-9.198110103607178,Pizza Place
Belem,38.7,-9.2,Jerónimos 8,38.698610103131465,-9.205079191480252,Hotel
Belem,38.7,-9.2,Quiosque De Belém,38.696842,-9.2015505,Food Stand
Belem,38.7,-9.2,Wine Guest,38.698536,-9.203967,Wine Bar
Belem,38.7,-9.2,Largo Da Memória,38.70306876458643,-9.202341824888782,Plaza
Belem,38.7,-9.2,Paragem Carris Mosteiro Dos Jerónimos,38.697394801491626,-9.20371026705946,Bus Station
Belem,38.7,-9.2,Minipreco,38.701477688132,-9.20466224055169,Grocery Store
Belem,38.7,-9.2,Belem Beach,38.69635701566944,-9.19731719136741,Food Truck
Belem,38.7,-9.2,Outra Opção (antiga Panibel),38.7041902360868,-9.199464386029884,Bakery
Benfica,38.751111,-9.202222,A Padaria Portuguesa,38.75072714470547,-9.201862751186104,Bakery
Benfica,38.751111,-9.202222,Teatro Turim,38.75070150903262,-9.202287736743411,Theater
Benfica,38.751111,-9.202222,Com Calma,38.75183470428584,-9.199237224186309,Coffee Shop
Benfica,38.751111,-9.202222,Mata de Benfica - Parque Silva Porto,38.74902996577652,-9.20472714824521,Park
Benfica,38.751111,-9.202222,Solar Benfica,38.75128900600334,-9.20011415859407,Restaurant
Benfica,38.751111,-9.202222,A Travessa do Rio,38.75051110517916,-9.198650392435445,Portuguese Restaurant
Benfica,38.751111,-9.202222,Mercado de Benfica,38.750812176627306,-9.206117267243561,Market
Benfica,38.751111,-9.202222,Edmundo,38.750498894613116,-9.197336394180757,Seafood Restaurant
Benfica,38.751111,-9.202222,Aquaplante,38.75361283980844,-9.19925345001101,Pet Store
Benfica,38.751111,-9.202222,Pastelaria Nilo,38.75076794813336,-9.20179515494957,Breakfast Spot
Benfica,38.751111,-9.202222,Brasa Das Gravatas,38.75459224963259,-9.200419244358192,Seafood Restaurant
Benfica,38.751111,-9.202222,Pastelaria Fim de Século,38.750194,-9.207856,Café
Benfica,38.751111,-9.202222,Cervejaria Boa Esperança,38.75017,-9.197366,Seafood Restaurant
Benfica,38.751111,-9.202222,Spicy Café,38.75228247942498,-9.198739926200515,Café
Benfica,38.751111,-9.202222,Matuya,38.7507848623306,-9.198015444503158,Sushi Restaurant
Benfica,38.751111,-9.202222,Tonga,38.75230925188497,-9.197065340020684,Gastropub
Benfica,38.751111,-9.202222,O Violino,38.75063728546585,-9.202839576240516,Seafood Restaurant
Benfica,38.751111,-9.202222,Clube Futebol Benfica,38.749458514381836,-9.206441812099925,Soccer Field
Benfica,38.751111,-9.202222,Restaurante David,38.74909812320527,-9.20190319192166,Restaurant
Benfica,38.751111,-9.202222,Lua de Mel,38.75070260164985,-9.202758518919234,Bakery
Benfica,38.751111,-9.202222,Monalisa,38.75196949456823,-9.205919997760324,Café
Benfica,38.751111,-9.202222,"Caco ""O original""",38.75063727922934,-9.19770524008279,Burger Joint
Benfica,38.751111,-9.202222,Córsega,38.7502193206528,-9.20214661608022,Portuguese Restaurant
Benfica,38.751111,-9.202222,Farmácia Uruguai,38.75177835764391,-9.1972821056353,Pharmacy
Benfica,38.751111,-9.202222,Pão de Chocolate,38.75056258438597,-9.197917372620305,Coffee Shop
Benfica,38.751111,-9.202222,"Pastelaria ""Trenó""",38.7541180667737,-9.197997515339267,Café
Benfica,38.751111,-9.202222,Scala II,38.7525253679164,-9.203715675993916,Café
Benfica,38.751111,-9.202222,Bitoque Real,38.75232767766959,-9.204408019286994,Portuguese Restaurant
Benfica,38.751111,-9.202222,Continente Bom Dia,38.749879,-9.204775,Supermarket
Benfica,38.751111,-9.202222,Marisqueira A Roda,38.750502206626244,-9.19731616973877,Seafood Restaurant
Benfica,38.751111,-9.202222,Jardim do Mercado de Benfica,38.75022203380553,-9.207480364431193,Park
Benfica,38.751111,-9.202222,Pastelaria Lua,38.750501,-9.202762,Café
Benfica,38.751111,-9.202222,Cineteatro Turim,38.75085514057781,-9.201887485597405,Movie Theater
Benfica,38.751111,-9.202222,Centro Comercial Nevada,38.751040448421065,-9.203163774419572,Shopping Mall
Benfica,38.751111,-9.202222,Domino's Pizza,38.74942832682117,-9.203169378045429,Pizza Place
Benfica,38.751111,-9.202222,Restaurante Chines Sihai,38.749110817544214,-9.201829791955515,Chinese Restaurant
Benfica,38.751111,-9.202222,Farmacia União,38.75112748724792,-9.199621236248547,Pharmacy
Benfica,38.751111,-9.202222,Restaurante Si Hai,38.74906833459606,-9.20177930995369,Asian Restaurant
Benfica,38.751111,-9.202222,Jardins de Benfica,38.74943416884423,-9.202109246158738,Breakfast Spot
Benfica,38.751111,-9.202222,myiced,38.75000593564636,-9.198128467249909,Frozen Yogurt Shop
Campo de Ourique,38.71527800000001,-9.166944,Mercado de Campo de Ourique,38.71625276089072,-9.166802961944121,Market
Campo de Ourique,38.71527800000001,-9.166944,O Magano,38.716875583839325,-9.165579359731055,Portuguese Restaurant
Campo de Ourique,38.71527800000001,-9.166944,Coelho da Rocha,38.716547,-9.166693,Portuguese Restaurant
Campo de Ourique,38.71527800000001,-9.166944,A Paródia,38.7135118232982,-9.164806229722226,Bar
Campo de Ourique,38.71527800000001,-9.166944,Praca S. João Bosco,38.714146,-9.169307,Plaza
Campo de Ourique,38.71527800000001,-9.166944,Jardim Teófilo Braga (da Parada),38.718032609574344,-9.165063362403448,Garden
Campo de Ourique,38.71527800000001,-9.166944,Maritaca,38.71377703742261,-9.164645805718035,Pizza Place
Campo de Ourique,38.71527800000001,-9.166944,Tasca da Esquina,38.715490309105554,-9.16374568170718,Restaurant
Campo de Ourique,38.71527800000001,-9.166944,Verde Gaio,38.716285354267626,-9.166419813865518,Portuguese Restaurant
Campo de Ourique,38.71527800000001,-9.166944,Quiosque de Campo de Ourique - Hamburgueria da Parada,38.718046087984014,-9.165090295334668,Burger Joint
Campo de Ourique,38.71527800000001,-9.166944,Segredos de Goa,38.71624706805637,-9.167296886444092,Indian Restaurant
Campo de Ourique,38.71527800000001,-9.166944,Amélia Lisboa,38.71769491140002,-9.164273614848273,Breakfast Spot
Campo de Ourique,38.71527800000001,-9.166944,Atalho do Mercado,38.71622368038332,-9.166761608101854,Steakhouse
Campo de Ourique,38.71527800000001,-9.166944,O Melhor Bolo de Chocolate do Mundo,38.716402733900715,-9.167116916850404,Dessert Shop
Campo de Ourique,38.71527800000001,-9.166944,Fiammetta,38.717535,-9.164409,Italian Restaurant
Campo de Ourique,38.71527800000001,-9.166944,Pingo Doce,38.71606290125692,-9.163970947265625,Grocery Store
Campo de Ourique,38.71527800000001,-9.166944,Moules & Beer,38.718682061596546,-9.16511125792139,Restaurant
Campo de Ourique,38.71527800000001,-9.166944,La Focacceria Pugliese,38.71649028792924,-9.165586037772663,Italian Restaurant
Campo de Ourique,38.71527800000001,-9.166944,Cervejaria da Esquina,38.71924040897726,-9.16730157198789,Seafood Restaurant
Campo de Ourique,38.71527800000001,-9.166944,A Padaria Portuguesa,38.71819450824935,-9.165023386991303,Bakery
Campo de Ourique,38.71527800000001,-9.166944,Pastelaria Aloma,38.717410701509934,-9.166474248830323,Bakery
Campo de Ourique,38.71527800000001,-9.166944,Peixaria da Esquina,38.71924554016488,-9.167354613592009,Seafood Restaurant
Campo de Ourique,38.71527800000001,-9.166944,Friendly Flamingo,38.716707,-9.164823,Coffee Shop
Campo de Ourique,38.71527800000001,-9.166944,O Bitoque,38.71666393967159,-9.163979005013804,Portuguese Restaurant
Campo de Ourique,38.71527800000001,-9.166944,Padaria do Bairro,38.71744705042128,-9.16570354087953,Bakery
Campo de Ourique,38.71527800000001,-9.166944,Hikidashi,38.716637484020545,-9.162513310323973,Japanese Restaurant
Campo de Ourique,38.71527800000001,-9.166944,Mercearia do campo,38.715769907643484,-9.16309118270874,Café
Campo de Ourique,38.71527800000001,-9.166944,Piscina Municipal de Campo de Ourique,38.71830490767201,-9.170625334985473,Pool
Campo de Ourique,38.71527800000001,-9.166944,Tecidos Vidal,38.71454290139878,-9.168296537585077,Furniture / Home Store
Campo de Ourique,38.71527800000001,-9.166944,Flagrante Delitro,38.716753026412874,-9.162667131969005,Portuguese Restaurant
Campo de Ourique,38.71527800000001,-9.166944,Trempe,38.71662650680988,-9.162194945174054,Portuguese Restaurant
Campo de Ourique,38.71527800000001,-9.166944,Raffi's Bagels,38.71652702738418,-9.161640101147492,Bagel Shop
Campo de Ourique,38.71527800000001,-9.166944,Bar Mignon,38.717978293461826,-9.162347079333681,Bar
Campo de Ourique,38.71527800000001,-9.166944,A Padaria do Povo,38.7180128787958,-9.16287542957432,Bar
Campo de Ourique,38.71527800000001,-9.166944,Botica do Café,38.71743468302699,-9.169566726364517,Coffee Shop
Campo de Ourique,38.71527800000001,-9.166944,Cafe Pastelaria Cascata,38.715571631611816,-9.169536995058667,Café
Campo de Ourique,38.71527800000001,-9.166944,Red: We like it raw,38.71398,-9.169174,Sandwich Place
Campo de Ourique,38.71527800000001,-9.166944,Prazeres (tram),38.714167,-9.169367,Tram Station
Campo de Ourique,38.71527800000001,-9.166944,Os Minhotos,38.71546170714414,-9.170591618732868,Restaurant
Campo de Ourique,38.71527800000001,-9.166944,Go Natural Supermercado,38.7187254491544,-9.168128726563172,Organic Grocery
Campolide,38.72638900000001,-9.163333,Escondidinho das Amoreiras,38.72571520422279,-9.163018092376557,Restaurant
Campolide,38.72638900000001,-9.163333,A Valenciana,38.72751423379995,-9.161857056769362,Portuguese Restaurant
Campolide,38.72638900000001,-9.163333,Cacao Sampaka,38.72371579644892,-9.162613521082289,Chocolate Shop
Campolide,38.72638900000001,-9.163333,Lush,38.723036539936295,-9.162177954933135,Cosmetics Shop
Campolide,38.72638900000001,-9.163333,Dom Pedro Palace Hotel,38.7246018314098,-9.16008678271505,Hotel
Campolide,38.72638900000001,-9.163333,Sushi Café,38.72296464626184,-9.162847101688385,Sushi Restaurant
Campolide,38.72638900000001,-9.163333,EPIC SANA Lisboa Hotel,38.724560469190415,-9.15845643430455,Hotel
Campolide,38.72638900000001,-9.163333,Amoreiras 360º Panoramic View,38.72367902928724,-9.16138047965274,Scenic Lookout
Campolide,38.72638900000001,-9.163333,Amoreiras Shopping Center,38.72344198393148,-9.16192003145119,Shopping Mall
Campolide,38.72638900000001,-9.163333,Zara,38.72355028934193,-9.163214360153852,Clothing Store
Campolide,38.72638900000001,-9.163333,Lux Lisboa Park Hotel,38.72774770784041,-9.158445893336053,Hotel
Campolide,38.72638900000001,-9.163333,Stop do Bairro,38.727254,-9.163024,Portuguese Restaurant
Campolide,38.72638900000001,-9.163333,Dim Sum Light & Fun,38.723166296403576,-9.162923731796434,Dim Sum Restaurant
Campolide,38.72638900000001,-9.163333,Cantinho do Alfredo,38.72886969895614,-9.163925285172558,Portuguese Restaurant
Campolide,38.72638900000001,-9.163333,Hayaci,38.72885928733072,-9.163878117787757,Japanese Restaurant
Campolide,38.72638900000001,-9.163333,Block House,38.72276794110822,-9.162018299102783,Steakhouse
Campolide,38.72638900000001,-9.163333,Madpizza,38.72258073680647,-9.160752956889564,Pizza Place
Campolide,38.72638900000001,-9.163333,Barbatana,38.72247513071731,-9.161442631957062,Seafood Restaurant
Campolide,38.72638900000001,-9.163333,A Padaria Portuguesa,38.723604980564765,-9.162619113922117,Bakery
Campolide,38.72638900000001,-9.163333,Honda Motorway,38.730281574674486,-9.162198209027968,Motorcycle Shop
Campolide,38.72638900000001,-9.163333,Upscale Bar,38.72456268661531,-9.15845654612255,Hotel Bar
Campolide,38.72638900000001,-9.163333,Flor de Lis,38.72455472551765,-9.158494880494992,Restaurant
Campolide,38.72638900000001,-9.163333,GMS - Store Amoreiras,38.72298849291323,-9.16211914728291,Electronics Store
Campolide,38.72638900000001,-9.163333,Holmes Place Amoreiras,38.722738752146874,-9.160832551285566,Gym / Fitness Center
Campolide,38.72638900000001,-9.163333,Bertrand,38.72345951957881,-9.162223829244674,Bookstore
Campolide,38.72638900000001,-9.163333,La Brasserie de L'Entrecôte,38.723170711647974,-9.162996750773157,French Restaurant
Campolide,38.72638900000001,-9.163333,Eric Kayser Boulanger,38.72260065583863,-9.16076635815109,Bakery
Campolide,38.72638900000001,-9.163333,Area,38.72341116244611,-9.161743330057712,Furniture / Home Store
Campolide,38.72638900000001,-9.163333,Joshua's Shoarma Grill,38.722150236724715,-9.161970158129176,Falafel Restaurant
Campolide,38.72638900000001,-9.163333,Italian Republic,38.722813905706616,-9.162738971379921,Restaurant
Campolide,38.72638900000001,-9.163333,Smooy - Authentic Frozen Yogurt (iogurte gelado),38.72280191469103,-9.162218423129017,Ice Cream Shop
Campolide,38.72638900000001,-9.163333,Dança Livre - Escola de Dança,38.727669210066495,-9.161342637205195,Dance Studio
Campolide,38.72638900000001,-9.163333,Selfish,38.72228896907129,-9.161611078635115,Seafood Restaurant
Campolide,38.72638900000001,-9.163333,Cinemas NOS Amoreiras,38.7228683863607,-9.161782264709473,Movie Theater
Campolide,38.72638900000001,-9.163333,Celeiro,38.72335481520213,-9.161673304799512,Health Food Store
Campolide,38.72638900000001,-9.163333,Fnac,38.72341946653203,-9.161489299685618,Electronics Store
Campolide,38.72638900000001,-9.163333,Il Gattopardo,38.72446,-9.160638,Italian Restaurant
Campolide,38.72638900000001,-9.163333,O Madeirense,38.72248334545944,-9.161953926086426,Restaurant
Campolide,38.72638900000001,-9.163333,Pastelaria Milano,38.72304895061292,-9.16205461803738,Bakery
Campolide,38.72638900000001,-9.163333,Confeitaria Nacional Balthazar,38.72396606773884,-9.161911761895976,Bakery
Campolide,38.72638900000001,-9.163333,Chimarrão,38.72249436910388,-9.161802153318012,Brazilian Restaurant
Campolide,38.72638900000001,-9.163333,Delta,38.72316094070905,-9.162483114830858,Coffee Shop
Campolide,38.72638900000001,-9.163333,Garden Burger,38.72256705017967,-9.161674976348875,Fast Food Restaurant
Carnide,38.760833,-9.183611,Restaurante Jardim da Luz,38.761634047148085,-9.183974206743272,Restaurant
Carnide,38.760833,-9.183611,Adega das Gravatas,38.76049208887418,-9.187940270607774,Portuguese Restaurant
Carnide,38.760833,-9.183611,100% Hamburgueria,38.76126790295377,-9.17971523727397,Burger Joint
Carnide,38.760833,-9.183611,Taberna Gourmet,38.763352442612565,-9.180207145254853,Mediterranean Restaurant
Carnide,38.760833,-9.183611,O Miudinho,38.75988652536507,-9.188487235295197,Restaurant
Carnide,38.760833,-9.183611,Dim Sum Park,38.76213,-9.178935,Dim Sum Restaurant
Carnide,38.760833,-9.183611,Carvoeiro de Palma,38.7600260742955,-9.188978007159367,Restaurant
Carnide,38.760833,-9.183611,Largo do Coreto de Carnide,38.76000737161195,-9.188886322252218,Historic Site
Carnide,38.760833,-9.183611,A Padaria Portuguesa,38.76320565415456,-9.18036692632612,Bakery
Carnide,38.760833,-9.183611,Jardim da Alameda Roentgen,38.762232596312934,-9.17854114625246,Garden
Carnide,38.760833,-9.183611,Adega de Carnide,38.75998398875153,-9.188230024236503,Portuguese Restaurant
Carnide,38.760833,-9.183611,O Galito (novo),38.757820609058946,-9.186600224295253,Portuguese Restaurant
Carnide,38.760833,-9.183611,Pão de Carnide,38.75805402296122,-9.187636597317006,Bakery
Carnide,38.760833,-9.183611,Musaxi,38.76260493962585,-9.179874427769084,Sushi Restaurant
Carnide,38.760833,-9.183611,Lizarran,38.763268747291185,-9.179590179554697,Tapas Restaurant
Carnide,38.760833,-9.183611,Ecome,38.760730660446775,-9.178039148988821,Café
Carnide,38.760833,-9.183611,Wok Ninja,38.76399239447785,-9.180292596223778,Asian Restaurant
Carnide,38.760833,-9.183611,Pizza Hut,38.76218134655215,-9.179578969656541,Pizza Place
Carnide,38.760833,-9.183611,Fábrica do Pão,38.763340435950965,-9.180482687123318,Bakery
Carnide,38.760833,-9.183611,Teatro de Carnide,38.76207309787901,-9.187037944793701,Theater
Carnide,38.760833,-9.183611,Samurai: Sushi-Bar,38.76265878054126,-9.180090251188805,Sushi Restaurant
Carnide,38.760833,-9.183611,as primas,38.76324462890625,-9.180534362792969,Café
Carnide,38.760833,-9.183611,Sanhe Sushi,38.762275424212504,-9.178863056472162,Sushi Restaurant
Carnide,38.760833,-9.183611,A Caçoila,38.761943640751355,-9.17848166690616,Food
Estrela,38.713333,-9.16,Jardim da Estrela,38.7146034474489,-9.159650559401827,Garden
Estrela,38.713333,-9.16,Esplanada do Jardim da Estrela,38.71410400684255,-9.159700870513914,Café
Estrela,38.713333,-9.16,Coreto do Jardim da Estrela,38.715211710687576,-9.159339040395032,Scenic Lookout
Estrela,38.713333,-9.16,Loco,38.71260350300116,-9.160066818041097,Portuguese Restaurant
Estrela,38.713333,-9.16,The House B&B,38.7120891653,-9.159413733505168,Bed & Breakfast
Estrela,38.713333,-9.16,Parque Infantil Jardim da Estrela,38.7147761326773,-9.157953652269395,Playground
Estrela,38.713333,-9.16,Outro Tempo,38.715082,-9.157811,Steakhouse
Estrela,38.713333,-9.16,Clube de Jornalistas,38.71010182959746,-9.159416382265087,Portuguese Restaurant
Estrela,38.713333,-9.16,Casa dos Ovos Moles em Lisboa,38.71332844687736,-9.15946675757373,Coffee Shop
Estrela,38.713333,-9.16,A Paródia,38.7135118232982,-9.164806229722226,Bar
Estrela,38.713333,-9.16,Geladaria Artisani,38.716827788963116,-9.157948920037006,Ice Cream Shop
Estrela,38.713333,-9.16,CNN - Clube Nacional de Natação,38.715743000626404,-9.155940888539874,Gym Pool
Estrela,38.713333,-9.16,Tasca da Esquina,38.715490309105554,-9.16374568170718,Restaurant
Estrela,38.713333,-9.16,Maritaca,38.71377703742261,-9.164645805718035,Pizza Place
Estrela,38.713333,-9.16,Hikidashi,38.716637484020545,-9.162513310323973,Japanese Restaurant
Estrela,38.713333,-9.16,Raffi's Bagels,38.71652702738418,-9.161640101147492,Bagel Shop
Estrela,38.713333,-9.16,Mercearia do campo,38.715769907643484,-9.16309118270874,Café
Estrela,38.713333,-9.16,house são bento,38.71236267794604,-9.15628724216198,Hostel
Estrela,38.713333,-9.16,Trempe,38.71662650680988,-9.162194945174054,Portuguese Restaurant
Estrela,38.713333,-9.16,Pingo Doce,38.71606290125692,-9.163970947265625,Grocery Store
Estrela,38.713333,-9.16,Flagrante Delitro,38.716753026412874,-9.162667131969005,Portuguese Restaurant
Estrela,38.713333,-9.16,Pingo Doce,38.71041041863209,-9.16148392666214,Grocery Store
Estrela,38.713333,-9.16,Cristal,38.710060478094455,-9.162490367889404,Café
Estrela,38.713333,-9.16,A Mimosa da Lapa,38.711511,-9.159116,Miscellaneous Shop
Estrela,38.713333,-9.16,Nacional Padel,38.71574427705752,-9.155724252838437,Athletics & Sports
Estrela,38.713333,-9.16,Alfazema,38.711209,-9.163932,Vegetarian / Vegan Restaurant
Estrela,38.713333,-9.16,XL,38.7120733352759,-9.154733801306476,Steakhouse
Estrela,38.713333,-9.16,Pingo Doce,38.710194993086105,-9.156070952698405,Supermarket
Estrela,38.713333,-9.16,Sr. Vinho,38.70992009164905,-9.157834183363235,Portuguese Restaurant
Estrela,38.713333,-9.16,Bazar da Lapa,38.71140300955996,-9.159418104219192,Hobby Shop
Estrela,38.713333,-9.16,EstaFado,38.712422,-9.156406,Portuguese Restaurant
Estrela,38.713333,-9.16,Junta de Freguesia da Estrela,38.71092278187939,-9.15759801864624,Business Service
Lumiar,38.765278,-9.158611,Pump Fitness Spirit Alvalade,38.76383270649576,-9.15938672893884,Gym
Lumiar,38.765278,-9.158611,Pavilhão João Rocha - Sporting Clube Portugal,38.7639810522719,-9.159483680563811,Soccer Stadium
Lumiar,38.765278,-9.158611,Loja Verde,38.76242963264762,-9.160672289011286,Sporting Goods Shop
Lumiar,38.765278,-9.158611,Holmes Place Alvalade,38.762539743853594,-9.161207150718694,Gym / Fitness Center
Lumiar,38.765278,-9.158611,Leonardus,38.76415259105709,-9.157514023971375,Restaurant
Lumiar,38.765278,-9.158611,Hanaya,38.766468948682466,-9.153677215747889,Japanese Restaurant
Lumiar,38.765278,-9.158611,Estádio José Alvalade,38.761713186371594,-9.160677695022688,Soccer Stadium
Lumiar,38.765278,-9.158611,Go Natural,38.76254591423847,-9.161302825997211,Vegetarian / Vegan Restaurant
Lumiar,38.765278,-9.158611,A Padaria Portuguesa,38.76335354243832,-9.153596114219647,Bakery
Lumiar,38.765278,-9.158611,Telepizza,38.7652227805748,-9.15593906104606,Pizza Place
Lumiar,38.765278,-9.158611,A Trigueira,38.76511592169283,-9.153661289814105,Bakery
Lumiar,38.765278,-9.158611,Praça Rainha Dona Filipa,38.767593137719594,-9.163180717458044,Plaza
Lumiar,38.765278,-9.158611,Samurai,38.764510504318565,-9.156983916921103,Sushi Restaurant
Lumiar,38.765278,-9.158611,Flor do Lumiar,38.765184824766294,-9.15670852120016,Breakfast Spot
Lumiar,38.765278,-9.158611,Pau Li,38.76576195139974,-9.15658556756953,Chinese Restaurant
Lumiar,38.765278,-9.158611,Multidesportivo Do Sporting Clube de Portugal,38.762532950533036,-9.161223578555484,Gym / Fitness Center
Lumiar,38.765278,-9.158611,Restaurante Chinês Neptuno,38.760877247185356,-9.159626058350833,Chinese Restaurant
Lumiar,38.765278,-9.158611,Lidl,38.76092414528942,-9.159155269444794,Supermarket
Lumiar,38.765278,-9.158611,Sumo,38.768306193225754,-9.158399244464666,Japanese Restaurant
Lumiar,38.765278,-9.158611,Burger Ranch,38.76099445874604,-9.15929917392131,Burger Joint
Lumiar,38.765278,-9.158611,Pingo Doce,38.76666042083015,-9.153773005504599,Supermarket
Lumiar,38.765278,-9.158611,Cinemas NOS Alvaláxia,38.761198313041355,-9.159521492703389,Movie Theater
Lumiar,38.765278,-9.158611,Burger King,38.76088308296629,-9.15956584275742,Fast Food Restaurant
Lumiar,38.765278,-9.158611,Dance Spot - Academia de Dança,38.764236980655554,-9.156185709839775,Dance Studio
Lumiar,38.765278,-9.158611,Bago De Arroz,38.76380156217761,-9.15801257561562,Restaurant
Lumiar,38.765278,-9.158611,O Conchas - Cafetaria,38.76929811362496,-9.156318365827643,Café
Lumiar,38.765278,-9.158611,Fofinho,38.76255668064067,-9.15405572889626,Café
Lumiar,38.765278,-9.158611,Edo Sushi Lumiar,38.766791,-9.156109,Sushi Restaurant
Lumiar,38.765278,-9.158611,McDonald's,38.762866212145845,-9.163356552154566,Fast Food Restaurant
Lumiar,38.765278,-9.158611,Piscinas do Sporting,38.762455242535786,-9.160672289011286,Pool
Lumiar,38.765278,-9.158611,Mr. Pizza,38.761052,-9.159596,Pizza Place
Marvila,38.745278000000006,-9.104167,Fábrica do Braço de Prata,38.7437426379415,-9.101024170379077,Art Gallery
Marvila,38.745278000000006,-9.104167,Underdogs Gallery,38.74486249518526,-9.101014137268066,Art Gallery
Marvila,38.745278000000006,-9.104167,Café com Calma,38.74171655482221,-9.10249969764567,Restaurant
Marvila,38.745278000000006,-9.104167,Old Scooter,38.74694977402539,-9.10432707898087,Motorcycle Shop
Marvila,38.745278000000006,-9.104167,O Filho do Menino Júlio dos Caracóis,38.74838803030265,-9.104108311389481,Portuguese Restaurant
Marvila,38.745278000000006,-9.104167,Varanda do Vale Formoso,38.74857369142907,-9.10429196792744,Restaurant
Marvila,38.745278000000006,-9.104167,O Germano,38.74945934783783,-9.104416020290325,Portuguese Restaurant
Marvila,38.745278000000006,-9.104167,O Rui do Barrote,38.74394121674887,-9.102102079500572,Portuguese Restaurant
Marvila,38.745278000000006,-9.104167,Bar das Colunas,38.74359488539678,-9.102545712845302,Restaurant
Marvila,38.745278000000006,-9.104167,El Bulo Social Club by Chakall,38.74214624738383,-9.102188938606423,Argentinian Restaurant
Marvila,38.745278000000006,-9.104167,Comidinhas,38.74928603271939,-9.103775223459115,Mediterranean Restaurant
Marvila,38.745278000000006,-9.104167,Restaurante Orienta-te,38.74917250685785,-9.102832659153544,Restaurant
Marvila,38.745278000000006,-9.104167,Estação Ferroviária de Braço de Prata,38.74838451145079,-9.101795040021786,Train Station
Marvila,38.745278000000006,-9.104167,Olho Tejo,38.74816001020027,-9.103227013547212,Café
Marvila,38.745278000000006,-9.104167,Adega Tavares,38.74777926489693,-9.101779256296151,Restaurant
Marvila,38.745278000000006,-9.104167,O Cantinho Do Vintage & Friends,38.742496,-9.102039,Thrift / Vintage Store
Misericordia,38.711389,-9.148056,Park,38.711194401943224,-9.147777544229891,Lounge
Misericordia,38.711389,-9.148056,The Mill,38.71087122543532,-9.149789211529557,Coffee Shop
Misericordia,38.711389,-9.148056,Taberna Portuguesa,38.71105261313601,-9.14813080973627,Portuguese Restaurant
Misericordia,38.711389,-9.148056,Fumeiro de Santa Catarina,38.70999635052507,-9.149220050173131,Portuguese Restaurant
Misericordia,38.711389,-9.148056,Pharmacia,38.70996887704318,-9.14738012310999,Cocktail Bar
Misericordia,38.711389,-9.148056,Miradouro de Santa Catarina (Adamastor),38.70946710282335,-9.147658742380129,Scenic Lookout
Misericordia,38.711389,-9.148056,Madame Petisca,38.70972377885752,-9.14817343768419,Portuguese Restaurant
Misericordia,38.711389,-9.148056,La Piadina,38.71090225707674,-9.146066975235657,Italian Restaurant
Misericordia,38.711389,-9.148056,Noobai Café,38.70956920521177,-9.148048975948331,Café
Misericordia,38.711389,-9.148056,Indie Rock Café,38.7127576276208,-9.146189150039785,Bar
Misericordia,38.711389,-9.148056,Ink Farm Food Café,38.71000395267879,-9.147109754649806,Juice Bar
Misericordia,38.711389,-9.148056,Zapata,38.71050625935854,-9.150379704409575,Portuguese Restaurant
Misericordia,38.711389,-9.148056,BA Wine Bar,38.71250567767798,-9.14537201538326,Wine Bar
Misericordia,38.711389,-9.148056,Pop Out,38.70994835668623,-9.14616170641392,Bar
Misericordia,38.711389,-9.148056,Tascamastai,38.71138870058893,-9.145482118675918,Cocktail Bar
Misericordia,38.711389,-9.148056,Estrela da Bica,38.70934,-9.146316,Restaurant
Misericordia,38.711389,-9.148056,Stay Inn Lisbon Hostel,38.711250076106126,-9.145924245686428,Hostel
Misericordia,38.711389,-9.148056,Elevador da Bica,38.71062547582026,-9.145953072431737,Tram Station
Misericordia,38.711389,-9.148056,Toma Lá Dá Cá,38.710416,-9.146392,Portuguese Restaurant
Misericordia,38.711389,-9.148056,A Casa das Janelas com Vista,38.71364178107143,-9.146849465930657,Bed & Breakfast
Misericordia,38.711389,-9.148056,A Cultura do Hamburguer,38.71097589136862,-9.144702501501092,Burger Joint
Misericordia,38.711389,-9.148056,Taqueria Pistola y Corazon,38.70863498003731,-9.147735811404141,Mexican Restaurant
Misericordia,38.711389,-9.148056,Yao Pressed Juicery,38.71099770033701,-9.149613699078797,Juice Bar
Misericordia,38.711389,-9.148056,Água pela Barba,38.710005,-9.146736,Fish & Chips Shop
Misericordia,38.711389,-9.148056,Incógnito,38.710929,-9.150939,Nightclub
Misericordia,38.711389,-9.148056,Hostel Inn BA,38.711418364627,-9.147189439177042,Hostel
Misericordia,38.711389,-9.148056,Espaço Santa Catarina,38.71103191187039,-9.149044802449229,Art Gallery
Misericordia,38.711389,-9.148056,Dear Lisbon B&B,38.71023225995792,-9.15029095314563,Bed & Breakfast
Misericordia,38.711389,-9.148056,ZDB - Galeria Zé dos Bois,38.711796,-9.144575,Art Gallery
Misericordia,38.711389,-9.148056,Sea Me - Peixaria Moderna,38.71070598918867,-9.144251166199416,Seafood Restaurant
Misericordia,38.711389,-9.148056,Manteigaria,38.710779,-9.14407,Pastry Shop
Misericordia,38.711389,-9.148056,"Hello, Kristof",38.7099690529848,-9.151362109184355,Coffee Shop
Misericordia,38.711389,-9.148056,Oasis Backpackers Mansion,38.70981982954689,-9.148550878763663,Hostel
Misericordia,38.711389,-9.148056,Apaixonarte,38.710819,-9.15133,Arts & Crafts Store
Misericordia,38.711389,-9.148056,CHIADO caffe,38.710730405031434,-9.144841491616608,Bakery
Misericordia,38.711389,-9.148056,Comoba Lisboa,38.70848006289393,-9.14701350124151,Café
Misericordia,38.711389,-9.148056,Bairrices,38.7124,-9.144708,Portuguese Restaurant
Misericordia,38.711389,-9.148056,Capela,38.71197219637669,-9.144919112041501,Nightclub
Misericordia,38.711389,-9.148056,Momento HB,38.71297385102973,-9.145495891571045,Restaurant
Misericordia,38.711389,-9.148056,Pastelaria Orion,38.710829,-9.146358,Café
Misericordia,38.711389,-9.148056,CINCO Lounge,38.714267331715384,-9.14965059781755,Lounge
Misericordia,38.711389,-9.148056,Pastelaria Camões,38.71078677688731,-9.145074917461447,Café
Misericordia,38.711389,-9.148056,Teatro do Bairro,38.712273012243976,-9.145835415793352,Performing Arts Venue
Misericordia,38.711389,-9.148056,Café Boavida,38.70989275195361,-9.151624910619324,Café
Misericordia,38.711389,-9.148056,Santa Bica,38.709283863751146,-9.146468626453457,Portuguese Restaurant
Misericordia,38.711389,-9.148056,Chutnify,38.71448897810452,-9.150019599900192,Indian Restaurant
Misericordia,38.711389,-9.148056,Enólogos Amadores,38.710294130357546,-9.146270943279815,Cocktail Bar
Misericordia,38.711389,-9.148056,Lisboa Cheia de Graça,38.71240039476539,-9.14502769941464,Portuguese Restaurant
Misericordia,38.711389,-9.148056,Água no Bico,38.70935274812615,-9.151002599517053,Vegetarian / Vegan Restaurant
Misericordia,38.711389,-9.148056,Pastelaria Emenda,38.71068924220651,-9.144493649013896,Café
Misericordia,38.711389,-9.148056,Grapes & Bites,38.71208806241046,-9.14377404362488,Wine Bar
Misericordia,38.711389,-9.148056,Bistro Edelweiss,38.71313290323235,-9.151089484997604,Swiss Restaurant
Misericordia,38.711389,-9.148056,O Adamastor,38.71056537275383,-9.146475582050885,Mediterranean Restaurant
Misericordia,38.711389,-9.148056,Eclipse,38.71112129571393,-9.14411880102099,Bar
Misericordia,38.711389,-9.148056,Associação Loucos e Sonhadores,38.71458825902587,-9.146041058061224,Bar
Misericordia,38.711389,-9.148056,The Old Pharmacy,38.71237,-9.144227,Wine Bar
Misericordia,38.711389,-9.148056,1º de Maio,38.71087977662917,-9.145039568193425,Portuguese Restaurant
Misericordia,38.711389,-9.148056,Arco da Velha,38.708347,-9.145913,Tea Room
Misericordia,38.711389,-9.148056,Casa do Bairro,38.70922801478024,-9.150622226367899,Bed & Breakfast
Misericordia,38.711389,-9.148056,Cork & CO,38.7109343773288,-9.144082958031419,Gift Shop
Misericordia,38.711389,-9.148056,Bicanela,38.71000866429295,-9.146325985252684,Bar
Misericordia,38.711389,-9.148056,Zebras do Combro,38.711041583890015,-9.14712869777415,Portuguese Restaurant
Misericordia,38.711389,-9.148056,Pop Cereal Café,38.71187026074512,-9.143752324059445,Breakfast Spot
Misericordia,38.711389,-9.148056,Praça Luís de Camões,38.7106328812751,-9.143387067379718,Plaza
Misericordia,38.711389,-9.148056,Croissant Gigante,38.71176737076778,-9.14541207463879,Bistro
Misericordia,38.711389,-9.148056,Kitsch'n Live,38.71263292092409,-9.144996707906532,Bar
Misericordia,38.711389,-9.148056,Artis - Wine Bar,38.71256764746429,-9.144135652434471,Wine Bar
Misericordia,38.711389,-9.148056,Tapa Bucho,38.714249693602916,-9.144920653396232,Tapas Restaurant
Misericordia,38.711389,-9.148056,Alface Hall,38.7129026924732,-9.14374977350235,Bar
Misericordia,38.711389,-9.148056,Stasha,38.711273964939586,-9.143366152971247,Restaurant
Misericordia,38.711389,-9.148056,Baco Alto,38.71140540414976,-9.14358570953246,Wine Bar
Misericordia,38.711389,-9.148056,A Tabacaria,38.708196,-9.145872,Wine Bar
Misericordia,38.711389,-9.148056,Bar TR3S Lisboa,38.71433079722232,-9.149649514502913,Gay Bar
Misericordia,38.711389,-9.148056,Valdo Gatti,38.713146,-9.144038,Pizza Place
Misericordia,38.711389,-9.148056,Dear Breakfast,38.70967773619577,-9.151238525386281,Breakfast Spot
Misericordia,38.711389,-9.148056,La Brasserie de L'Entrecôte,38.71033318466834,-9.143292942070918,French Restaurant
Misericordia,38.711389,-9.148056,49 ZDB,38.71162110246143,-9.144486509568504,Bar
Misericordia,38.711389,-9.148056,Lisb'on Hostel,38.70856071787921,-9.14438033191656,Hostel
Misericordia,38.711389,-9.148056,Taberna da Rua das Flores,38.710106,-9.143566,Portuguese Restaurant
Misericordia,38.711389,-9.148056,Café Janis,38.707561108069974,-9.147138590988673,Café
Misericordia,38.711389,-9.148056,Rosa da Rua,38.71467944976876,-9.145913455459223,Portuguese Restaurant
Misericordia,38.711389,-9.148056,Hub New Lisbon,38.71463184251787,-9.14742532556185,Hotel
Misericordia,38.711389,-9.148056,Mezcal,38.71358975833767,-9.14442187728162,Bar
Misericordia,38.711389,-9.148056,Foxtrot,38.71399827673184,-9.151945098538782,Speakeasy
Misericordia,38.711389,-9.148056,Fábrica Coffee Roasters,38.709467232190626,-9.143496544511727,Café
Misericordia,38.711389,-9.148056,By the Wine - José Maria da Fonseca,38.709068117208346,-9.14359237224139,Wine Bar
Misericordia,38.711389,-9.148056,Flower Power,38.710880289703795,-9.146039791516449,Flower Shop
Misericordia,38.711389,-9.148056,A Primavera de Jerónimo,38.71150095314604,-9.143886115632743,Portuguese Restaurant
Misericordia,38.711389,-9.148056,Il Matriciano,38.71214170956439,-9.152934785175853,Italian Restaurant
Misericordia,38.711389,-9.148056,Lisboa à Noite,38.712129592016844,-9.14343958934113,Restaurant
Misericordia,38.711389,-9.148056,Lisbon Five Stars Apartments Combro 77,38.71023761656562,-9.150774063573648,Resort
Misericordia,38.711389,-9.148056,Lisbon Winery,38.71121377660499,-9.144482464276585,Wine Bar
Misericordia,38.711389,-9.148056,Maria Caxuxa Bar,38.7112251258653,-9.14446096530934,Bar
Misericordia,38.711389,-9.148056,Simplesmente Pizza Bar,38.71250931170567,-9.144976076347424,Pizza Place
Misericordia,38.711389,-9.148056,Blend Bairro Alto,38.71110056779045,-9.143725062745073,Restaurant
Misericordia,38.711389,-9.148056,Principe do Calhariz,38.710973338122685,-9.146406035677074,Portuguese Restaurant
Misericordia,38.711389,-9.148056,Chocolataria Equador,38.712242241389234,-9.143045614900151,Chocolate Shop
Misericordia,38.711389,-9.148056,Purex,38.71099789011073,-9.144388943820573,Gay Bar
Misericordia,38.711389,-9.148056,O Botanista,38.707626,-9.149533,Vegetarian / Vegan Restaurant
Misericordia,38.711389,-9.148056,Casa da Índia,38.7107530790548,-9.144940325884386,Portuguese Restaurant
Olivais,38.773611,-9.1175,Lisbon Cosy Hostel,38.771247425283924,-9.113260059269864,Hostel
Olivais,38.773611,-9.1175,A Galinha Gorda,38.7768098479747,-9.119543737883589,Restaurant
Olivais,38.773611,-9.1175,Boa Sorte,38.776434166538806,-9.119288092624263,Chinese Restaurant
Olivais,38.773611,-9.1175,Restaurante Nicogrilo,38.77476335089846,-9.1133701450499,BBQ Joint
Olivais,38.773611,-9.1175,Metro Encarnação [VM],38.77494501369466,-9.115424236907973,Metro Station
Olivais,38.773611,-9.1175,Núbia,38.77051996488574,-9.117539,Jewelry Store
Olivais,38.773611,-9.1175,Mercado da Encarnação,38.77207711077488,-9.113486315049952,Market
Olivais,38.773611,-9.1175,O Crepe,38.777316120801665,-9.11868940329624,Café
Olivais,38.773611,-9.1175,Adega Do Norte,38.77746444249037,-9.118349003979143,Restaurant
Parque das Nacoes,38.768056,-9.093889,Altice Arena,38.768606517867774,-9.094061851501465,Stadium
Parque das Nacoes,38.768056,-9.093889,The Old House,38.7702357220811,-9.09234315287649,Chinese Restaurant
Parque das Nacoes,38.768056,-9.093889,Esplanada Vasco da Gama,38.76765130205824,-9.096164238675328,Scenic Lookout
Parque das Nacoes,38.768056,-9.093889,Amorino,38.767635,-9.096218,Ice Cream Shop
Parque das Nacoes,38.768056,-9.093889,Sala Tejo,38.76841491607374,-9.092492767946386,Event Space
Parque das Nacoes,38.768056,-9.093889,Centro Comercial Vasco da Gama,38.76767738486184,-9.09686896204392,Shopping Mall
Parque das Nacoes,38.768056,-9.093889,Italian Burger House,38.76787223207724,-9.09614713803328,Burger Joint
Parque das Nacoes,38.768056,-9.093889,Sakura,38.76760307436542,-9.092283464889807,Sushi Restaurant
Parque das Nacoes,38.768056,-9.093889,D' Bacalhau,38.771296531538596,-9.0922368024778,Seafood Restaurant
Parque das Nacoes,38.768056,-9.093889,Fnac,38.76774941418877,-9.096960268259751,Electronics Store
Parque das Nacoes,38.768056,-9.093889,Passeio das Tágides,38.77075213994916,-9.09216962384191,Park
Parque das Nacoes,38.768056,-9.093889,Bershka,38.767640305069826,-9.096280365666544,Shoe Store
Parque das Nacoes,38.768056,-9.093889,Auditório dos Oceanos,38.76461085711381,-9.096444781961385,Performing Arts Venue
Parque das Nacoes,38.768056,-9.093889,Senhor Peixe,38.771084091053545,-9.092244586600327,Seafood Restaurant
Parque das Nacoes,38.768056,-9.093889,Fitness Hut Parque das Nações,38.77003945313485,-9.092518124562488,Gym
Parque das Nacoes,38.768056,-9.093889,Zero Zero,38.76429735151849,-9.095497367529044,Italian Restaurant
Parque das Nacoes,38.768056,-9.093889,Go Natural,38.767570548783794,-9.096217159922297,Vegetarian / Vegan Restaurant
Parque das Nacoes,38.768056,-9.093889,PREGO D'Pescador,38.770503373392046,-9.092302752090514,Portuguese Restaurant
Parque das Nacoes,38.768056,-9.093889,Portela Cafés,38.76769493584048,-9.096728572733884,Coffee Shop
Parque das Nacoes,38.768056,-9.093889,Zara,38.767216117314206,-9.096136915949254,Clothing Store
Parque das Nacoes,38.768056,-9.093889,Loja Vodafone,38.767700310853535,-9.096769516056098,Mobile Phone Shop
Parque das Nacoes,38.768056,-9.093889,Sky Bar Tivoli,38.766531321379844,-9.098157968305602,Lounge
Parque das Nacoes,38.768056,-9.093889,SushiTime,38.77110592281124,-9.097482694195188,Sushi Restaurant
Parque das Nacoes,38.768056,-9.093889,Häagen-Dazs,38.767633961637735,-9.096330695569721,Ice Cream Shop
Parque das Nacoes,38.768056,-9.093889,La Tagliatella,38.77008106501441,-9.095691608445582,Italian Restaurant
Parque das Nacoes,38.768056,-9.093889,Joshua's Shoarma Grill,38.76760307403238,-9.09631158610323,Falafel Restaurant
Parque das Nacoes,38.768056,-9.093889,Arigato Sushi House,38.763903567305015,-9.095604948440112,Sushi Restaurant
Parque das Nacoes,38.768056,-9.093889,Casino Lisboa,38.76480637876488,-9.096495776127863,Casino
Parque das Nacoes,38.768056,-9.093889,A Loja do Gato Preto,38.767725838611206,-9.096899888232876,Furniture / Home Store
Parque das Nacoes,38.768056,-9.093889,Loja Vodafone - Action Store,38.76613876465939,-9.09612211191305,Electronics Store
Parque das Nacoes,38.768056,-9.093889,Butchers,38.765372293034616,-9.09741383309876,Steakhouse
Parque das Nacoes,38.768056,-9.093889,República da Cerveja,38.768885191422534,-9.092065985942206,Restaurant
Parque das Nacoes,38.768056,-9.093889,Hotel Olissippo Oriente Lisboa,38.76491917098681,-9.097797486248776,Hotel
Parque das Nacoes,38.768056,-9.093889,Kiko Store,38.767836927136955,-9.096958637237549,Cosmetics Shop
Parque das Nacoes,38.768056,-9.093889,H3 Hambúrguer Gourmet,38.76874844066035,-9.096989027200808,Burger Joint
Parque das Nacoes,38.768056,-9.093889,Nike,38.76774,-9.097136,Sporting Goods Shop
Parque das Nacoes,38.768056,-9.093889,Yum-Yum,38.77134739243499,-9.096193352435415,Restaurant
Parque das Nacoes,38.768056,-9.093889,Solinca Health & Fitness Club,38.76775504771576,-9.097277280713152,Gym / Fitness Center
Parque das Nacoes,38.768056,-9.093889,Oficina do Gelado,38.76395719235937,-9.09619008432859,Ice Cream Shop
Parque das Nacoes,38.768056,-9.093889,The Club Steakhouse,38.770095427959504,-9.097915530704803,Steakhouse
Parque das Nacoes,38.768056,-9.093889,Serra da Estrela - Cantinho Regional,38.76775175529667,-9.09631068273544,Portuguese Restaurant
Parque das Nacoes,38.768056,-9.093889,Talho do Mercado,38.767188619138295,-9.09611619323227,Steakhouse
Parque das Nacoes,38.768056,-9.093889,Sephora,38.76772582515389,-9.09684255379075,Cosmetics Shop
Parque das Nacoes,38.768056,-9.093889,Starbucks,38.768755,-9.095954,Coffee Shop
Parque das Nacoes,38.768056,-9.093889,A Padaria Portuguesa,38.771447458817136,-9.097574443792947,Bakery
Parque das Nacoes,38.768056,-9.093889,Ibis Lisboa Parque das Naçoes,38.77109085463529,-9.09723369981838,Hotel
Parque das Nacoes,38.768056,-9.093889,Tivoli Caffè Oriente,38.766916048634634,-9.098199719975328,Hotel Bar
Parque das Nacoes,38.768056,-9.093889,Irish & Co,38.7717072005593,-9.092201585762083,Bar
Parque das Nacoes,38.768056,-9.093889,Pump Fitness Spirit,38.76524524249004,-9.098079933632363,Gym / Fitness Center
Parque das Nacoes,38.768056,-9.093889,Estação do Oriente (Gare do Oriente),38.76786879839118,-9.099078286930176,Train Station
Parque das Nacoes,38.768056,-9.093889,Wok to Walk,38.767746649632,-9.09634249405568,Noodle House
Parque das Nacoes,38.768056,-9.093889,Honorato Hamburgueres Artesanais,38.76404894600557,-9.095529933102958,Burger Joint
Parque das Nacoes,38.768056,-9.093889,Tivoli Oriente,38.766804870957394,-9.098232567972795,Hotel
Parque das Nacoes,38.768056,-9.093889,D'Nata,38.77188582922846,-9.09215087003878,Ice Cream Shop
Parque das Nacoes,38.768056,-9.093889,Wood Sushi,38.770751,-9.097404,Sushi Restaurant
Parque das Nacoes,38.768056,-9.093889,Bertrand,38.76774340234356,-9.097153795072254,Bookstore
Parque das Nacoes,38.768056,-9.093889,Sacoor Brothers,38.767721689079885,-9.096770702702461,Clothing Store
Parque das Nacoes,38.768056,-9.093889,Lobby Bar Tryp Oriente,38.76928317052233,-9.098069071769714,Hotel Bar
Parque das Nacoes,38.768056,-9.093889,Boa Lisboa,38.772278041848466,-9.092100652451649,Portuguese Restaurant
Parque das Nacoes,38.768056,-9.093889,Koko,38.76492807225898,-9.09799699213065,Japanese Restaurant
Parque das Nacoes,38.768056,-9.093889,Loja das Sopas,38.76731007828781,-9.096091741296869,Soup Place
Parque das Nacoes,38.768056,-9.093889,Restaurante D'Avis,38.769769388975746,-9.097819666468151,Portuguese Restaurant
Parque das Nacoes,38.768056,-9.093889,Loja NOS,38.76776485516943,-9.097074226811825,Electronics Store
Parque das Nacoes,38.768056,-9.093889,Subway,38.76783858965124,-9.099396102124244,Sandwich Place
Parque das Nacoes,38.768056,-9.093889,Restaurante Arizona,38.77133327278952,-9.095538013561924,Restaurant
Parque das Nacoes,38.768056,-9.093889,C&A,38.76768856495721,-9.096470722979838,Clothing Store
Parque das Nacoes,38.768056,-9.093889,Capricciosa,38.768761208388035,-9.092117506761374,Pizza Place
Parque das Nacoes,38.768056,-9.093889,Nespresso Boutique,38.767887118089845,-9.097065925598145,Coffee Shop
Parque das Nacoes,38.768056,-9.093889,Arena Lounge,38.76476338673546,-9.096520366511891,Lounge
Parque das Nacoes,38.768056,-9.093889,Cinemas NOS Vasco da Gama,38.76778361031556,-9.097349099232327,Movie Theater
Parque das Nacoes,38.768056,-9.093889,Quanjude,38.769115,-9.09682,Chinese Restaurant
Parque das Nacoes,38.768056,-9.093889,Loja NOS,38.76781814879125,-9.099077304827809,Electronics Store
Parque das Nacoes,38.768056,-9.093889,Lotus Bar & Bistrô,38.769961746679535,-9.09239198874976,Bar
Parque das Nacoes,38.768056,-9.093889,O Papagaio Sem Penas,38.76771794945634,-9.0977062295489,Toy / Game Store
Parque das Nacoes,38.768056,-9.093889,Restaurante Peixaria,38.77096331447724,-9.09222491304406,Seafood Restaurant
Parque das Nacoes,38.768056,-9.093889,Gaijin Sushi Bar,38.77153506797475,-9.0961355734227,Sushi Restaurant
Parque das Nacoes,38.768056,-9.093889,Portela Cafés,38.767826100885316,-9.0990119857876,Coffee Shop
Parque das Nacoes,38.768056,-9.093889,Cooks,38.771672000612284,-9.096076556274548,Portuguese Restaurant
Parque das Nacoes,38.768056,-9.093889,Jardins Garcia de Orta,38.771679112660735,-9.092219676710702,Garden
Parque das Nacoes,38.768056,-9.093889,Azul Profundo,38.76711696725889,-9.092259823177383,Bar
Parque das Nacoes,38.768056,-9.093889,Food Market,38.76951734049092,-9.09778860637947,Restaurant
Parque das Nacoes,38.768056,-9.093889,Onda de Sabores 2,38.76897934519451,-9.095805595578367,Buffet
Parque das Nacoes,38.768056,-9.093889,Cacique,38.76771545410156,-9.09251880645752,BBQ Joint
Parque das Nacoes,38.768056,-9.093889,Taverna Vadia,38.77169892191508,-9.095985457767162,Restaurant
Parque das Nacoes,38.768056,-9.093889,Sea Palace,38.76754,-9.092245,Chinese Restaurant
Parque das Nacoes,38.768056,-9.093889,Centro Náutico Parque das Nações,38.76737764964873,-9.09225997429188,Fountain
Parque das Nacoes,38.768056,-9.093889,Telecabine Lisboa,38.766992264656814,-9.092250644565834,Cable Car
Parque das Nacoes,38.768056,-9.093889,La Rúcula,38.76703648408523,-9.093729624926935,Italian Restaurant
Parque das Nacoes,38.768056,-9.093889,Grande Mundo,38.77102819872485,-9.095690018923761,Chinese Restaurant
Parque das Nacoes,38.768056,-9.093889,Faz Filla,38.77027088063562,-9.09515247545558,Sandwich Place
Parque das Nacoes,38.768056,-9.093889,Bufalo Grill,38.76700722792144,-9.093476334237245,BBQ Joint
Parque das Nacoes,38.768056,-9.093889,Gostos & Sabores,38.771409384475206,-9.096131528123497,Tea Room
Parque das Nacoes,38.768056,-9.093889,Nova Peixaria,38.763904224225286,-9.09552143641135,Portuguese Restaurant
Parque das Nacoes,38.768056,-9.093889,Namur II,38.76985021931721,-9.09770477930759,Café
Parque das Nacoes,38.768056,-9.093889,Telepizza,38.76971689451065,-9.09769682654492,Pizza Place
Parque das Nacoes,38.768056,-9.093889,Mr Lin,38.7714,-9.092151,Chinese Restaurant
Parque das Nacoes,38.768056,-9.093889,Statvs,38.77212375610572,-9.092113174216546,Nightclub
Parque das Nacoes,38.768056,-9.093889,Jardim Garcia de Orta,38.772053,-9.091906,Garden
Parque das Nacoes,38.768056,-9.093889,Art Cafe,38.763871908456245,-9.095547822393273,Mediterranean Restaurant
Penha de Franca,38.73,-9.131667,Miradouro da Penha de França,38.730900461375654,-9.13114469328912,Scenic Lookout
Penha de Franca,38.73,-9.131667,Veganeats Caffe,38.73165,-9.133234,Vegetarian / Vegan Restaurant
Penha de Franca,38.73,-9.131667,Grande Palácio Hong-Kong,38.73123303449708,-9.134153317048295,Chinese Restaurant
Penha de Franca,38.73,-9.131667,Churrasqueira do Zubir,38.72811994027808,-9.134117763043033,BBQ Joint
Penha de Franca,38.73,-9.131667,Vila Garden Guest House,38.730409,-9.134692,Hotel
Penha de Franca,38.73,-9.131667,Leo Restaurante,38.72731503990571,-9.133915454149246,Indian Restaurant
Penha de Franca,38.73,-9.131667,A Padaria Portuguesa,38.732693935797435,-9.130333448194051,Bakery
Penha de Franca,38.73,-9.131667,Miradouro do Monte Agudo,38.72611870295906,-9.131500466890877,Scenic Lookout
Penha de Franca,38.73,-9.131667,Sabores de Gôa,38.72725163160652,-9.13387753535548,Indian Restaurant
Penha de Franca,38.73,-9.131667,Primavera,38.73296062270028,-9.131492695650273,Wings Joint
Penha de Franca,38.73,-9.131667,A Padaria Portuguesa,38.73129481674355,-9.136410122342193,Bakery
Penha de Franca,38.73,-9.131667,Be my Guest,38.73317012249213,-9.13219443393618,Hostel
Penha de Franca,38.73,-9.131667,Pastelaria Monte Rei,38.73129160713948,-9.135208839966783,Café
Penha de Franca,38.73,-9.131667,Pomar Fresco,38.72841474765345,-9.134727637271471,Fruit & Vegetable Store
Penha de Franca,38.73,-9.131667,Restaurante O Raposo,38.72854587902703,-9.13689425520043,Restaurant
Penha de Franca,38.73,-9.131667,Delícia de Arroios,38.73062003250788,-9.136179948803711,Portuguese Restaurant
Penha de Franca,38.73,-9.131667,Continente Bom Dia,38.73375585,-9.13309785,Supermarket
Penha de Franca,38.73,-9.131667,Café Esplanada do Miradouro do Monte Agudo,38.726285737182586,-9.131437471531028,Café
Penha de Franca,38.73,-9.131667,Vasku's Grill,38.72811859052203,-9.136848941319027,Steakhouse
Penha de Franca,38.73,-9.131667,Health & Fun,38.731205874215114,-9.134011789006417,Gym
Penha de Franca,38.73,-9.131667,Polpetta,38.72794013559727,-9.1357400651903,Italian Restaurant
Penha de Franca,38.73,-9.131667,Ambiente hostel,38.72914593446186,-9.134458601474762,Hostel
Penha de Franca,38.73,-9.131667,Zona Franca dos Anjos,38.72647952920865,-9.13289524237001,Café
Penha de Franca,38.73,-9.131667,Hotel Travel Park,38.727165866030525,-9.134800454286937,Hotel
Penha de Franca,38.73,-9.131667,Sintoniza o momento,38.732962779785815,-9.134881776327735,Coffee Shop
Penha de Franca,38.73,-9.131667,My Place - Lisbon Lounge Suite,38.73339869741816,-9.13030200884449,Hotel
Penha de Franca,38.73,-9.131667,Jardim Constantino,38.731012,-9.137064,Garden
Penha de Franca,38.73,-9.131667,Praça Paiva Couceiro,38.73113789444355,-9.12738561630249,Plaza
Penha de Franca,38.73,-9.131667,Franguinho Real,38.730520470660224,-9.136215738653592,Portuguese Restaurant
Penha de Franca,38.73,-9.131667,Portugália,38.73121998230063,-9.134691905217883,Brewery
Penha de Franca,38.73,-9.131667,Praia de Santa Marta,38.732371526498206,-9.132614599602755,Beach
Penha de Franca,38.73,-9.131667,Ali Baba,38.73272341933624,-9.130521252249947,Middle Eastern Restaurant
Penha de Franca,38.73,-9.131667,Restaurante Quionga,38.73294557993105,-9.13179298155031,Portuguese Restaurant
Penha de Franca,38.73,-9.131667,Pingo Doce,38.73206400962834,-9.134362204947431,Supermarket
Penha de Franca,38.73,-9.131667,Restaurante Ideal lisboa,38.72963037558645,-9.134220939249495,Portuguese Restaurant
Penha de Franca,38.73,-9.131667,Mr. Lu,38.729689,-9.135523,Chinese Restaurant
Penha de Franca,38.73,-9.131667,Mercado de Arroios,38.73448509438325,-9.131935797089973,Farmers Market
Penha de Franca,38.73,-9.131667,O Paradouro Residencial,38.73123586096964,-9.134075004514862,Hostel
Penha de Franca,38.73,-9.131667,Hamburgueria Portuguesa,38.727969372831204,-9.135784477911592,Burger Joint
Penha de Franca,38.73,-9.131667,O Domingos,38.72884890676262,-9.136183637226228,Portuguese Restaurant
Penha de Franca,38.73,-9.131667,Flôr do Império,38.732751912138355,-9.130666067380595,Café
Penha de Franca,38.73,-9.131667,Luxe Hotel Lisbon,38.72804105873334,-9.136698787726079,Hotel
Penha de Franca,38.73,-9.131667,Empire Lisbon Hotel,38.73245936500926,-9.134259104214976,Hotel
Penha de Franca,38.73,-9.131667,Pastelaria Lido,38.73325893616713,-9.132626135353378,Café
Penha de Franca,38.73,-9.131667,Cova Funda,38.732004877750896,-9.127955021928546,Snack Place
Penha de Franca,38.73,-9.131667,O Telheirinho,38.73079602705509,-9.136366952641964,Portuguese Restaurant
Penha de Franca,38.73,-9.131667,Cantinho do Táxi,38.7309442575647,-9.127735662264788,Portuguese Restaurant
Penha de Franca,38.73,-9.131667,Docel,38.73289758243496,-9.135141290330832,Pastry Shop
Penha de Franca,38.73,-9.131667,Pingo Doce,38.73446542724692,-9.131899941940043,Supermarket
Penha de Franca,38.73,-9.131667,Telepizza,38.73180951405809,-9.13517504891427,Pizza Place
Penha de Franca,38.73,-9.131667,New Wok,38.73180658536712,-9.134405589737257,Asian Restaurant
Penha de Franca,38.73,-9.131667,TSAR Hotel Lisbon,38.7294069689316,-9.13480375687372,Hotel
Penha de Franca,38.73,-9.131667,Kingpin Books,38.728962,-9.134799,Comic Shop
Penha de Franca,38.73,-9.131667,Sabores do Metro,38.73447169448237,-9.131905496345272,Bakery
Penha de Franca,38.73,-9.131667,Minipreço,38.72752788128333,-9.134835722540755,Miscellaneous Shop
Penha de Franca,38.73,-9.131667,Lovelisbon,38.72920436452413,-9.136132757166166,Food Truck
Santa Clara,38.78527800000001,-9.145,Old Racers,38.784079,-9.143653,Auto Garage
Santa Clara,38.78527800000001,-9.145,A Cascata,38.78415123341596,-9.142931724362171,Portuguese Restaurant
Santa Clara,38.78527800000001,-9.145,PRIO,38.78826,-9.14639,Gas Station
Santa Clara,38.78527800000001,-9.145,Frango Real,38.78797173221025,-9.142018316002533,BBQ Joint
Santa Clara,38.78527800000001,-9.145,Recreativo Águias Da Musgueira,38.782659167781226,-9.1483096949839,Brewery
Santa Maria Maior,38.712778,-9.135556,Caxemira,38.713507113740306,-9.136886719248077,Indian Restaurant
Santa Maria Maior,38.712778,-9.135556,Miradouro do Castelo de São Jorge,38.712525166207804,-9.133069553433598,Scenic Lookout
Santa Maria Maior,38.712778,-9.135556,Castelo de São Jorge,38.71256801224433,-9.133398200408402,Castle
Santa Maria Maior,38.712778,-9.135556,Boutique Taberna,38.7127345797866,-9.135841107603584,Café
Santa Maria Maior,38.712778,-9.135556,Hotel Santa Justa,38.71269209554096,-9.138044937463288,Hotel
Santa Maria Maior,38.712778,-9.135556,Trigueirinho,38.71389975529131,-9.13577053547932,Portuguese Restaurant
Santa Maria Maior,38.712778,-9.135556,Tasca Zé dos Cornos,38.71407444738299,-9.136247863015903,Portuguese Restaurant
Santa Maria Maior,38.712778,-9.135556,Floresta das Escadinhas,38.712703422559684,-9.136416521429727,Portuguese Restaurant
Santa Maria Maior,38.712778,-9.135556,Praça da Figueira,38.7137333150946,-9.137932427547357,Plaza
Santa Maria Maior,38.712778,-9.135556,Wine With a View,38.712992297019674,-9.133862960376247,Food Truck
Santa Maria Maior,38.712778,-9.135556,Hostel Inn possible,38.71236373682531,-9.135905967447819,Hostel
Santa Maria Maior,38.712778,-9.135556,Garrafeira Nacional,38.71265584788937,-9.137133929631776,Wine Shop
Santa Maria Maior,38.712778,-9.135556,Eight - The Health Lounge,38.71364202777613,-9.13741112377409,Coffee Shop
Santa Maria Maior,38.712778,-9.135556,Empanada Union,38.713572417259954,-9.135550260543823,Empanada Restaurant
Santa Maria Maior,38.712778,-9.135556,Chapitô,38.71140991147003,-9.133896693079338,Bar
Santa Maria Maior,38.712778,-9.135556,Lisboa Tejo Hotel,38.71362,-9.136734,Hotel
Santa Maria Maior,38.712778,-9.135556,Hotel Portugal,38.714399842767484,-9.13686492072406,Hotel
Santa Maria Maior,38.712778,-9.135556,Frutaria,38.71321260045126,-9.136978003467334,Coffee Shop
Santa Maria Maior,38.712778,-9.135556,Fábrica Lisboa,38.710998,-9.13563,Bakery
Santa Maria Maior,38.712778,-9.135556,O Eurico,38.712663540088194,-9.135527744682799,Portuguese Restaurant
Santa Maria Maior,38.712778,-9.135556,Fabrica da Nata - Rua Augusta,38.71270362914383,-9.138491909397645,Café
Santa Maria Maior,38.712778,-9.135556,O Corvo,38.713972825398926,-9.13572149079337,Breakfast Spot
Santa Maria Maior,38.712778,-9.135556,Amorino,38.71180704785086,-9.138144356649724,Ice Cream Shop
Santa Maria Maior,38.712778,-9.135556,We Love F****** Tourists,38.71318127825821,-9.136991571671546,Hostel
Santa Maria Maior,38.712778,-9.135556,Espumantaria do Petisco,38.71215945213107,-9.13470108693222,Wine Bar
Santa Maria Maior,38.712778,-9.135556,The Beautique Hotel,38.713518905622536,-9.137683490852794,Hotel
Santa Maria Maior,38.712778,-9.135556,Home Lisbon Hostel,38.710544539177334,-9.136180303413738,Hostel
Santa Maria Maior,38.712778,-9.135556,Caximbar,38.71207906236558,-9.134503225736266,Lounge
Santa Maria Maior,38.712778,-9.135556,O'Ninho,38.713033,-9.135706,Breakfast Spot
Santa Maria Maior,38.712778,-9.135556,Wine-Bar do Castelo,38.71191739391821,-9.132853180175042,Wine Bar
Santa Maria Maior,38.712778,-9.135556,Pastelaria Santo Antonio,38.71151995650182,-9.132966565304683,Café
Santa Maria Maior,38.712778,-9.135556,Tentações de Goa,38.71436282008071,-9.135991703646749,Indian Restaurant
Santa Maria Maior,38.712778,-9.135556,Navegadoors,38.711675304586294,-9.13822915788981,Restaurant
Santa Maria Maior,38.712778,-9.135556,Brown ´s Hotel Central,38.711454005753275,-9.13837535315375,Hotel
Santa Maria Maior,38.712778,-9.135556,O Arco,38.71183613418361,-9.13856544668457,Portuguese Restaurant
Santa Maria Maior,38.712778,-9.135556,Bastardo,38.713028,-9.138533,Restaurant
Santa Maria Maior,38.712778,-9.135556,Restaurante Cantinho do Aziz,38.71416669459652,-9.135691155753298,African Restaurant
Santa Maria Maior,38.712778,-9.135556,Bebedouro Wine & Food,38.71053948170779,-9.136477794054919,Wine Bar
Santa Maria Maior,38.712778,-9.135556,Natraj Tandoori,38.71194041117859,-9.138619312278474,Indian Restaurant
Santa Maria Maior,38.712778,-9.135556,28 Café,38.713425864168414,-9.132430026862988,Café
Santa Maria Maior,38.712778,-9.135556,Tesouro da Baixa,38.71464038411743,-9.137485054749643,Hotel
Santa Maria Maior,38.712778,-9.135556,Internacional Design Hotel,38.71303500112587,-9.13862193087766,Hotel
Santa Maria Maior,38.712778,-9.135556,Café da Garagem,38.714806,-9.132889,Café
Santa Maria Maior,38.712778,-9.135556,Gelato Therapy,38.71014890657043,-9.135338963242248,Ice Cream Shop
Santa Maria Maior,38.712778,-9.135556,Figu's,38.71341530794479,-9.137761937489802,Restaurant
Santa Maria Maior,38.712778,-9.135556,Lisbon Short Stay Apartments Baixa,38.711694939551954,-9.138445145201661,Hotel
Santa Maria Maior,38.712778,-9.135556,Queijaria Nacional,38.710115,-9.135328,Cheese Shop
Santa Maria Maior,38.712778,-9.135556,Rossio,38.71373581818702,-9.139375435748326,Plaza
Santa Maria Maior,38.712778,-9.135556,Núcleo Arqueológico do Castelo,38.714162607027056,-9.132503271102905,Historic Site
Santa Maria Maior,38.712778,-9.135556,Lisboa Vadia,38.711622530767656,-9.135349129564753,Bar
Santa Maria Maior,38.712778,-9.135556,Garrafeira Nacional,38.70997444062796,-9.135706260986325,Wine Bar
Santa Maria Maior,38.712778,-9.135556,Nicolau Lisboa,38.71061084707078,-9.136227204545138,Coffee Shop
Santa Maria Maior,38.712778,-9.135556,Claras em Castelo,38.71211193758105,-9.132770950708432,Mediterranean Restaurant
Santa Maria Maior,38.712778,-9.135556,Nata Lisboa,38.71260555563255,-9.133033995701203,Coffee Shop
Santa Maria Maior,38.712778,-9.135556,RoofTop Hotel Mundial,38.71467820130007,-9.13726929044671,Roof Deck
Santa Maria Maior,38.712778,-9.135556,Confeitaria Nacional,38.71319304466737,-9.138160536828913,Café
Santa Maria Maior,38.712778,-9.135556,The 8 DownTown Suites,38.71145269862724,-9.136356656368026,Hotel
Santa Maria Maior,38.712778,-9.135556,Gelataria Portuguesa,38.712805036515164,-9.132896969629336,Ice Cream Shop
Santa Maria Maior,38.712778,-9.135556,Prado,38.71051220395769,-9.134870316199477,Portuguese Restaurant
Santa Maria Maior,38.712778,-9.135556,Luvaria Ulisses,38.712306718148895,-9.139592125696621,Accessories Store
Santa Maria Maior,38.712778,-9.135556,As Bifanas do afonso,38.71151,-9.135602,Food Service
Santa Maria Maior,38.712778,-9.135556,The Food Temple,38.71588053353102,-9.1343854635242,Vegetarian / Vegan Restaurant
Santa Maria Maior,38.712778,-9.135556,"D. Afonso, o Gordo",38.71024765501288,-9.134871229949736,Portuguese Restaurant
Santa Maria Maior,38.712778,-9.135556,Da Prata 52,38.70961282363416,-9.136403969139014,Portuguese Restaurant
Santa Maria Maior,38.712778,-9.135556,Velha Gaiteira,38.71062875790343,-9.134420561498281,Wine Bar
Santa Maria Maior,38.712778,-9.135556,Pollux,38.71272966074173,-9.136636466727216,Furniture / Home Store
Santa Maria Maior,38.712778,-9.135556,Living Lounge Hostel,38.711033771378666,-9.139089097803831,Hostel
Santa Maria Maior,38.712778,-9.135556,Loja Verde,38.712322,-9.138361,Sporting Goods Shop
Santa Maria Maior,38.712778,-9.135556,Travelers House Hostel,38.70999717351371,-9.137426717901665,Hostel
Santa Maria Maior,38.712778,-9.135556,Chapito à Mesa,38.711403258782326,-9.13393884146275,Portuguese Restaurant
Santa Maria Maior,38.712778,-9.135556,Brown's Downtown,38.710540849294816,-9.138089674877651,Hotel
Santa Maria Maior,38.712778,-9.135556,Basilio,38.709447,-9.135569,Restaurant
Santa Maria Maior,38.712778,-9.135556,O Chiado,38.7108981280373,-9.139081023990034,Portuguese Restaurant
Santa Maria Maior,38.712778,-9.135556,Dama e Vagabundo,38.71307007434463,-9.138175413207026,Italian Restaurant
Santa Maria Maior,38.712778,-9.135556,Santini,38.71113759148025,-9.139668133605792,Ice Cream Shop
Santa Maria Maior,38.712778,-9.135556,Nata De Lisboa,38.711881,-9.138174,Pastry Shop
Santa Maria Maior,38.712778,-9.135556,Elevador do Castelo (Baixa),38.71147260553548,-9.136102680359537,Scenic Lookout
Santa Maria Maior,38.712778,-9.135556,Fragoleto,38.709724868306616,-9.136435168104866,Ice Cream Shop
Santa Maria Maior,38.712778,-9.135556,Terraços do Carmo,38.71233160211962,-9.139708813379055,Scenic Lookout
Santa Maria Maior,38.712778,-9.135556,Zé da Mouraria,38.716169553052076,-9.13483277102094,Portuguese Restaurant
Santa Maria Maior,38.712778,-9.135556,Mercado da Figueira,38.713869314442434,-9.137353024300104,Market
Santa Maria Maior,38.712778,-9.135556,Pizzeria Romana Al Taglio,38.709823512267974,-9.136298860045756,Pizza Place
Santa Maria Maior,38.712778,-9.135556,Ginginha Rubi,38.71495011184491,-9.13823042846338,Café
Santa Maria Maior,38.712778,-9.135556,Topo | Chiado,38.71248087470108,-9.139901138433478,Lounge
Santa Maria Maior,38.712778,-9.135556,A Ginjinha,38.71476324348752,-9.13906477653588,Wine Bar
Santa Maria Maior,38.712778,-9.135556,Largo de Santo António da Sé,38.71005800298878,-9.134146291440988,Plaza
Santa Maria Maior,38.712778,-9.135556,D. João I,38.71433712670742,-9.137413599499805,Portuguese Restaurant
Santa Maria Maior,38.712778,-9.135556,A Licorista e o Bacalhoeiro,38.71264239870276,-9.138903609718867,Portuguese Restaurant
Santa Maria Maior,38.712778,-9.135556,Elevador do Castelo,38.71215143250934,-9.135153980023055,Scenic Lookout
Santa Maria Maior,38.712778,-9.135556,Igreja de Santo António da Sé,38.70977419612195,-9.13359742110057,Church
Santa Maria Maior,38.712778,-9.135556,Mister Tapas,38.71130169390981,-9.138402618372023,Food Truck
Santa Maria Maior,38.712778,-9.135556,Espaço Açores,38.709524010619745,-9.135839488770854,Gourmet Shop
Santa Maria Maior,38.712778,-9.135556,Igreja de Santa Maria Maior de Lisboa,38.70983604125627,-9.133198197089177,Church
Santa Maria Maior,38.712778,-9.135556,Tasca Kome,38.70964775809152,-9.13497570642268,Japanese Restaurant
Santa Maria Maior,38.712778,-9.135556,Leitaria Camponeza,38.711735010889015,-9.138505520292778,Portuguese Restaurant
Santa Maria Maior,38.712778,-9.135556,Cantina Baldracca,38.713386696833275,-9.135716030221793,Italian Restaurant
Santa Maria Maior,38.712778,-9.135556,Paul,38.71077584153382,-9.137721097926821,Pastry Shop
Santa Maria Maior,38.712778,-9.135556,Nova Pombalina,38.709358833607254,-9.134954013161934,Snack Place
Santa Maria Maior,38.712778,-9.135556,Teatro Taborda,38.7151294945729,-9.132955059699011,Theater
Santa Maria Maior,38.712778,-9.135556,Largo de São Cristovão,38.71270882764086,-9.135605343073117,Plaza
Santo Antonio,38.724167,-9.145,O Forninho Saloio,38.72254423016688,-9.145026737938329,Portuguese Restaurant
Santo Antonio,38.724167,-9.145,Empanaderia El Pibe,38.72345165186261,-9.143910001681407,South American Restaurant
Santo Antonio,38.724167,-9.145,Rubro,38.72231897143915,-9.146023988917339,Spanish Restaurant
Santo Antonio,38.724167,-9.145,Luzzo Sta. Marta,38.72340666195804,-9.145714264180432,Pizza Place
Santo Antonio,38.724167,-9.145,Olá Nepal,38.725346,-9.145956,Himalayan Restaurant
Santo Antonio,38.724167,-9.145,Inspira Santa Marta Hotel,38.72320793963114,-9.145562110471882,Hotel
Santo Antonio,38.724167,-9.145,Fitness Hut,38.724490983383106,-9.146382114871242,Gym
Santo Antonio,38.724167,-9.145,Lisboa Central Hostel,38.72439946379297,-9.147861173757573,Hostel
Santo Antonio,38.724167,-9.145,Restaurante PSI,38.72335877342924,-9.142013709037514,Vegetarian / Vegan Restaurant
Santo Antonio,38.724167,-9.145,Fenícios,38.724972,-9.145945,Middle Eastern Restaurant
Santo Antonio,38.724167,-9.145,Cartier,38.723448036413515,-9.14772480726242,Jewelry Store
Santo Antonio,38.724167,-9.145,Hotel H10 Duque de Loulé,38.726364248881325,-9.147197881306065,Hotel
Santo Antonio,38.724167,-9.145,MadMary Cuisine,38.722230425298704,-9.146010042130074,Bistro
Santo Antonio,38.724167,-9.145,Minipreço,38.722664,-9.146039,Supermarket
Santo Antonio,38.724167,-9.145,Taberna Santa Marta,38.72240743985244,-9.145456306376424,Portuguese Restaurant
Santo Antonio,38.724167,-9.145,Restaurant O Mastro,38.72357226249335,-9.145729146937425,Portuguese Restaurant
Santo Antonio,38.724167,-9.145,Prada,38.72181810202292,-9.146752375717071,Boutique
Santo Antonio,38.724167,-9.145,Open Brasserie Mediterrânica,38.72320742546829,-9.145655137864692,Mediterranean Restaurant
Santo Antonio,38.724167,-9.145,Quick Asia,38.72521704219608,-9.144407252195004,Thai Restaurant
Santo Antonio,38.724167,-9.145,Lisbon Chillout Hostel,38.723566251891874,-9.143342873489454,Hostel
Santo Antonio,38.724167,-9.145,Taberna Anti-Dantas,38.7207,-9.144298,Portuguese Restaurant
Santo Antonio,38.724167,-9.145,Porto Bay Liberdade Hotel,38.72223325591938,-9.148736639319893,Hotel
Santo Antonio,38.724167,-9.145,Ollá Lisboa,38.725518789854505,-9.147987192881047,Portuguese Restaurant
Santo Antonio,38.724167,-9.145,Ibis Styles Lisboa Centro Liberdade,38.72718670207124,-9.14625016476485,Hotel
Santo Antonio,38.724167,-9.145,Tivoli Avenida Liberdade Lisboa,38.72122937749538,-9.146877591539873,Hotel
Santo Antonio,38.724167,-9.145,Mú Gelato Italiano,38.722395371336404,-9.140521035749696,Ice Cream Shop
Santo Antonio,38.724167,-9.145,Avenida da Liberdade,38.72031717851045,-9.145996312587801,Road
Santo Antonio,38.724167,-9.145,Louis Vuitton,38.7207089,-9.1453283,Accessories Store
Santo Antonio,38.724167,-9.145,Cinema São Jorge,38.72038933499074,-9.146095522426279,Movie Theater
Santo Antonio,38.724167,-9.145,JNcQUOI,38.720241356416714,-9.145394701787632,Portuguese Restaurant
Santo Antonio,38.724167,-9.145,Honorato Hamburgueres Artesanais,38.72328811398317,-9.145763583195883,Burger Joint
Santo Antonio,38.724167,-9.145,Sky Bar,38.72088471662361,-9.14716860014415,Roof Deck
Santo Antonio,38.724167,-9.145,New Lisbon Concept Hostel,38.72169363754737,-9.146434227294975,Hostel
Santo Antonio,38.724167,-9.145,Stanislav,38.72049724018344,-9.14429133920796,Russian Restaurant
Santo Antonio,38.724167,-9.145,Marquês de Pombal,38.72556364517556,-9.150071802119005,Plaza
Santo Antonio,38.724167,-9.145,Hotel Lisboa,38.72240801856722,-9.146460018756807,Hotel
Santo Antonio,38.724167,-9.145,Teatro Tivoli BBVA,38.72051047404953,-9.145336432779938,Theater
Santo Antonio,38.724167,-9.145,Dom Sancho,38.72144039180017,-9.146352408938917,Hostel
Santo Antonio,38.724167,-9.145,O Cartaxinho,38.72162524350197,-9.144970010568397,Portuguese Restaurant
Santo Antonio,38.724167,-9.145,Pastelaria Açoreana,38.72756095303935,-9.142108578656558,Bakery
Santo Antonio,38.724167,-9.145,Zé da Mouraria 2,38.724377104266686,-9.140094166642946,Portuguese Restaurant
Santo Antonio,38.724167,-9.145,SushiCafé Avenida,38.72138498746992,-9.148355498798784,Sushi Restaurant
Santo Antonio,38.724167,-9.145,Vincci Liberdade,38.72204857663779,-9.14943309787948,Hotel
Santo Antonio,38.724167,-9.145,BananaCafe,38.722909286335764,-9.14826766650508,Café
Santo Antonio,38.724167,-9.145,Sabor Lisboa,38.721577857739454,-9.144965016543447,Portuguese Restaurant
Santo Antonio,38.724167,-9.145,O Cacho Dourado,38.726423,-9.147875,Portuguese Restaurant
Santo Antonio,38.724167,-9.145,Goethe-Institut,38.72115186834695,-9.140776238229568,College Academic Building
Santo Antonio,38.724167,-9.145,SANA Lisboa Hotel,38.727340190663,-9.148511826386613,Hotel
Santo Antonio,38.724167,-9.145,Confeitaria Marquês de Pombal,38.72370167053649,-9.14853538068361,Café
Santo Antonio,38.724167,-9.145,Hotel NH Collection Lisboa Liberdade,38.72051489436364,-9.144750227233605,Hotel
Santo Antonio,38.724167,-9.145,Loja Burberry,38.721087679151296,-9.146270480818618,Women's Store
Santo Antonio,38.724167,-9.145,Hotel Marquês de Pombal,38.723123952755415,-9.148847829324138,Hotel
Santo Antonio,38.724167,-9.145,Yakuza by Olivier,38.72059070881529,-9.14716038334953,Japanese Restaurant
Santo Antonio,38.724167,-9.145,Andaluz,38.726930477402306,-9.147532827395745,Restaurant
Santo Antonio,38.724167,-9.145,Urban Garden Hostel,38.72473628501485,-9.146593758827969,Hostel
Santo Antonio,38.724167,-9.145,Devagar Devagarinho,38.72173143189629,-9.144785597089188,Portuguese Restaurant
Santo Antonio,38.724167,-9.145,Gin Club,38.72136930523621,-9.148342126053313,Cocktail Bar
Santo Antonio,38.724167,-9.145,Guilty by Olivier,38.72136290730248,-9.148389865074193,Italian Restaurant
Santo Antonio,38.724167,-9.145,Olivier Avenida,38.720636471198794,-9.147131375050227,Restaurant
Santo Antonio,38.724167,-9.145,O Carteiro,38.72482614926173,-9.146404802206094,Portuguese Restaurant
Santo Antonio,38.724167,-9.145,Ladurée Lisbon,38.72026179885861,-9.144590528219148,Dessert Shop
Santo Antonio,38.724167,-9.145,Balcão do Marquês,38.725730955957616,-9.148206510446814,Snack Place
Santo Antonio,38.724167,-9.145,Hotel Britania,38.72158537703123,-9.145377856935786,Hotel
Santo Antonio,38.724167,-9.145,Valverde Hotel,38.71972928312637,-9.14428244148451,Hotel
Santo Antonio,38.724167,-9.145,Gucci,38.72005481957637,-9.144781082868576,Clothing Store
Santo Antonio,38.724167,-9.145,Kafeine,38.719953,-9.144693,Coffee Shop
Santo Antonio,38.724167,-9.145,A Burgueria Regional,38.72293479581237,-9.14900549352074,Burger Joint
Santo Antonio,38.724167,-9.145,Hotel Exe Liberdade,38.72611136790517,-9.148188764640002,Hotel
Santo Antonio,38.724167,-9.145,Sr. Lisboa - Restaurant,38.71983779894797,-9.143755152023648,Portuguese Restaurant
Santo Antonio,38.724167,-9.145,The Bakery CrossFit,38.7235695623499,-9.139714076960852,Gym / Fitness Center
Santo Antonio,38.724167,-9.145,Pastelaria Sabiá,38.72395340777219,-9.147217856645549,Café
Santo Antonio,38.724167,-9.145,DELIDELUX,38.72306931231942,-9.148913450713085,Breakfast Spot
Santo Antonio,38.724167,-9.145,Pato que Fuma,38.72183726592534,-9.145072059337762,Restaurant
Santo Antonio,38.724167,-9.145,Rampa,38.72336861591999,-9.143523492284784,Restaurant
Santo Antonio,38.724167,-9.145,A Padaria Portuguesa,38.72589686876734,-9.149177482101262,Bakery
Santo Antonio,38.724167,-9.145,Restaurante Terraço,38.721030586167636,-9.147043349245056,Restaurant
Santo Antonio,38.724167,-9.145,Restaurante Santos,38.72349442968794,-9.147090469511994,Pizza Place
Santo Antonio,38.724167,-9.145,Lisbon Serviced Apartments - Liberdade,38.723434739978394,-9.150653852812523,Hotel
Santo Antonio,38.724167,-9.145,Cervejaria Ribadouro,38.71972830499719,-9.14555448745054,Seafood Restaurant
Santo Antonio,38.724167,-9.145,American Music Burger,38.72421294338364,-9.146948992485044,Burger Joint
Santo Antonio,38.724167,-9.145,Xenu,38.72377414725711,-9.150275706429358,Portuguese Restaurant
Santo Antonio,38.724167,-9.145,Residencial Vila Nova,38.725675133798944,-9.148250497244286,Motel
Santo Antonio,38.724167,-9.145,PortoBay Marquês / PortoBay Hotels & Resorts,38.72393814368324,-9.15039050285375,Hotel
Santo Antonio,38.724167,-9.145,Madpizza,38.720512013485944,-9.144354612232748,Pizza Place
Santo Antonio,38.724167,-9.145,Turim Marquês Hotel,38.723016851099395,-9.150538609033603,Hotel
Santo Antonio,38.724167,-9.145,A Padaria Portuguesa,38.72122055319484,-9.14905059333361,Bakery
Santo Antonio,38.724167,-9.145,Restaurante Associação CaboVerdeana,38.722969315359244,-9.149115985873944,African Restaurant
Santo Antonio,38.724167,-9.145,Goethe Café,38.72082134828132,-9.141160939687337,Café
Santo Antonio,38.724167,-9.145,AVANI,38.720481993301526,-9.14734031617328,Hotel
Santo Antonio,38.724167,-9.145,Fashion Clinic,38.72019209938649,-9.144845369402514,Clothing Store
Santo Antonio,38.724167,-9.145,Restaurante Apache,38.723873621106954,-9.143117359188604,Mediterranean Restaurant
Santo Antonio,38.724167,-9.145,Hotel Turim Av. da Liberdade,38.72357545577836,-9.149901444816985,Hotel
Santo Antonio,38.724167,-9.145,SANA Capitol Hotel,38.72734508984193,-9.148024359091973,Hotel
Santo Antonio,38.724167,-9.145,DOTE - Cervejaria Moderna,38.72116914082561,-9.148681739543115,Brewery
Santo Antonio,38.724167,-9.145,Hotel Florida,38.72414948203665,-9.150029531087341,Hotel
Santo Antonio,38.724167,-9.145,Galeria Comercial 245,38.72351290928148,-9.149075303456465,Shopping Mall
Santo Antonio,38.724167,-9.145,Restaurante Coradinho,38.72091316707764,-9.144868355411923,Portuguese Restaurant
Santo Antonio,38.724167,-9.145,Breakfast in Hotel Tivoli Lisboa,38.72096295509814,-9.14679574550641,Breakfast Spot
Santo Antonio,38.724167,-9.145,Dona Beija,38.728401,-9.144663,Brazilian Restaurant
Santo Antonio,38.724167,-9.145,Hotdog Lovers,38.72312886290819,-9.147925845540431,Hot Dog Joint
Sao Domingos de Benfica,38.743611,-9.17,Jardim Zoológico de Lisboa,38.74306103290973,-9.169398065847636,Zoo
Sao Domingos de Benfica,38.743611,-9.17,Teatro Thalia,38.745283550343444,-9.169380981286741,Theater
Sao Domingos de Benfica,38.743611,-9.17,Templo dos Chimpanzés,38.74501553383994,-9.171447193193478,Exhibit
Sao Domingos de Benfica,38.743611,-9.17,Baía dos Golfinhos,38.74243613991892,-9.170830988928845,Theme Park
Sao Domingos de Benfica,38.743611,-9.17,Reptilário,38.743208455426384,-9.172474479891966,Theme Park
Sao Domingos de Benfica,38.743611,-9.17,Leões Marinhos,38.74425719767494,-9.171430972982643,Park
Sao Domingos de Benfica,38.743611,-9.17,Ogaya,38.74242990355521,-9.172241987540541,Japanese Restaurant
Sao Domingos de Benfica,38.743611,-9.17,Carvoeiro de Palma,38.74778349782285,-9.168092182736773,BBQ Joint
Sao Domingos de Benfica,38.743611,-9.17,O Nortenho,38.740853680576414,-9.168141325917915,Portuguese Restaurant
Sao Domingos de Benfica,38.743611,-9.17,Restaurante Marquês de Palma,38.747057856674544,-9.170257090275795,Seafood Restaurant
Sao Domingos de Benfica,38.743611,-9.17,Cervetoria,38.7470223099544,-9.167743663482188,Bar
Sao Domingos de Benfica,38.743611,-9.17,Cantinho de Palma,38.747632085914724,-9.167950812374109,BBQ Joint
Sao Domingos de Benfica,38.743611,-9.17,Sete Rios,38.7418179215223,-9.16693269439166,Neighborhood
Sao Domingos de Benfica,38.743611,-9.17,McDonald's,38.74356583720524,-9.168939341814738,Fast Food Restaurant
Sao Domingos de Benfica,38.743611,-9.17,UEST - Unidade de Equipamentos e Serviços Tiflotécnicos,38.742181,-9.168659,Electronics Store
Sao Domingos de Benfica,38.743611,-9.17,Estação Ferroviária de Sete Rios,38.74038265906495,-9.166768142437737,Train Station
Sao Domingos de Benfica,38.743611,-9.17,Roulote Zoológico,38.741357353219186,-9.168332972831243,Food Truck
Sao Domingos de Benfica,38.743611,-9.17,Metro Jardim Zoológico [AZ],38.74123668787643,-9.168066170869315,Metro Station
Sao Domingos de Benfica,38.743611,-9.17,Pérola de Palma,38.74725068407467,-9.167586875485387,Mediterranean Restaurant
Sao Vicente,38.719444,-9.126389,Tasca do Jaime,38.719167,-9.129754,Portuguese Restaurant
Sao Vicente,38.719444,-9.126389,Largo da Graça,38.717218121514975,-9.12989616394043,Plaza
Sao Vicente,38.719444,-9.126389,Le Bar À Crêpes,38.717917,-9.129867,Creperie
Sao Vicente,38.719444,-9.126389,Haweli Tandoori,38.71862565859625,-9.13028420306554,Indian Restaurant
Sao Vicente,38.719444,-9.126389,A Cabreira,38.71785666005359,-9.129904315449723,Café
Sao Vicente,38.719444,-9.126389,O Pitéu da Graça,38.71734938616204,-9.130011936092382,Mediterranean Restaurant
Sao Vicente,38.719444,-9.126389,Damas,38.71645327352619,-9.129463847927122,Other Nightlife
Sao Vicente,38.719444,-9.126389,Santa Clara dos Cogumelos,38.71569502423575,-9.125442199394229,Mediterranean Restaurant
Sao Vicente,38.719444,-9.126389,Má Lingua,38.719345,-9.129954,Bar
Sao Vicente,38.719444,-9.126389,Churrasco da Graça,38.71730547705419,-9.129736174430747,BBQ Joint
Sao Vicente,38.719444,-9.126389,Clara Clara,38.71591660129734,-9.123743456442215,Sandwich Place
Sao Vicente,38.719444,-9.126389,focaccia in giro,38.71587211764976,-9.125018026170583,Café
Sao Vicente,38.719444,-9.126389,Penalva da Graça,38.72072213268061,-9.130069805080755,Seafood Restaurant
Sao Vicente,38.719444,-9.126389,A Padaria Portuguesa,38.718084459418385,-9.129942038232503,Bakery
Sao Vicente,38.719444,-9.126389,Pastelaria Saga,38.71849036265042,-9.129916389811676,Bakery
Sao Vicente,38.719444,-9.126389,Copenhagen Coffee Lab,38.7158384113876,-9.125217128725897,Coffee Shop
Sao Vicente,38.719444,-9.126389,Mercado de Santa Clara,38.71556429925765,-9.125582221418947,Event Space
Sao Vicente,38.719444,-9.126389,Jardim Botto Machado,38.71587721747934,-9.123739978075195,Garden
Sao Vicente,38.719444,-9.126389,Taproom Oitava Colina,38.718383,-9.13193,Beer Bar
Sao Vicente,38.719444,-9.126389,Feira da Ladra,38.71536807712633,-9.125243723845111,Flea Market
Sao Vicente,38.719444,-9.126389,Cozinha Urbana,38.71837033214481,-9.13192287561818,Asian Restaurant
Sao Vicente,38.719444,-9.126389,Cafe De Calcada,38.718286569644484,-9.13119047219908,Bistro
Sao Vicente,38.719444,-9.126389,Pastelaria Santa Clara,38.71951777225657,-9.121709835397231,Breakfast Spot
Sao Vicente,38.719444,-9.126389,Mirantense Futebol Clube,38.71774662534868,-9.122162929863268,Pool Hall
